SERIES,CNTRY,TRN,AGG,UNIT,REF,CODE,COUNTRY,SUB-CHAPTER,TITLE,UNIT.1,1960,1961,1962,1963,1964,1965,1966,1967,1968,1969,1970,1971,1972,1973,1974,1975,1976,1977,1978,1979,1980,1981,1982,1983,1984,1985,1986,1987,1988,1989,1990,1991,1992,1993,1994,1995,1996,1997,1998,1999,2000,2001,2002,2003,2004,2005,2006,2007,2008,2009,2010,2011,2012,2013,2014,2015,2016,2017,2018,2019,2020,2021,2022,2023,2024,2025,2026
FRA.1.0.0.0.UWCD,FRA,1.0,0.0,0.0,0.0,UWCD,France,01 Compensation of employees,Compensation of employees: total economy ,Mrd EURO-FRF,20.791,23.248,26.284,30.087,33.534,36.218,39.056,42.237,47.537,54.425,61.799,69.712,77.928,89.662,107.182,126.462,147.08,167.274,189.466,215.236,247.287,280.664,321.732,353.566,379.901,402.557,423.578,442.314,467.558,497.538,530.998,554.334,575.417,585.723,597.919,619.848,637.269,654.028,678.016,709.318,748.654,781.644,813.794,837.82,866.987,899.274,937.326,974.335,1003.885,1006.633,1032.729,1064.378,1088.78,1107.915,1126.855,1143.091,1164.986,1202.199,1231.985,1243.041,1195.012,1285.636,1377.05,1448.933,1499.645,1535.637,1572.492
HRV.1.0.0.0.UWCD,HRV,1.0,0.0,0.0,0.0,UWCD,Croatia,01 Compensation of employees,Compensation of employees: total economy ,Mrd EURO-HRK,,,,,,,,,,,,,,,,,,,,,,,,,,,,,,,,,,,,7.09168,8.06655,9.30328,10.60136,11.33673,12.15206,12.39592,13.76954,15.22499,16.1977,17.20521,18.4641,20.29216,21.84766,21.68833,21.05598,20.98034,20.76318,20.46941,20.57435,20.96853,21.54045,22.55043,24.1323,24.9493,24.86541,26.58584,30.4103,36.03718,41.29861,44.18951,46.39899
ITA.1.0.0.0.UWCD,ITA,1.0,0.0,0.0,0.0,UWCD,Italy,01 Compensation of employees,Compensation of employees: total economy ,Mrd EURO-ITL,5.1701,5.7466,6.6862,8.1347,9.0612,9.6073,10.2746,11.3648,12.3573,13.6159,15.9216,18.3014,20.3924,24.5105,30.6359,36.9458,45.3853,55.3519,64.1121,77.7436,95.6935,116.3686,135.5299,155.6994,173.6825,193.9648,209.5803,227.3349,249.4407,273.2777,305.7994,335.0669,351.1092,357.9843,366.1288,380.4652,406.1484,425.6654,424.0727,439.1286,456.6956,481.2742,503.5289,524.389,543.3779,566.7351,592.1013,614.8985,636.7028,632.3164,640.1786,649.0672,640.1097,634.1138,635.9379,649.3151,665.2235,682.7548,703.6504,718.9568,677.9612,738.2206,783.5966,824.0265,870.996,904.9649,932.1138
CYP.1.0.0.0.UWCD,CYP,1.0,0.0,0.0,0.0,UWCD,Cyprus,01 Compensation of employees,Compensation of employees: total economy ,Mrd EURO-CYP,,,,,,,,,,,,,,,,,,,,,,,,,,,,,,,,,,,,3.09787,3.27471,3.49614,3.66663,3.90763,4.2096,4.48594,4.83821,5.36485,5.7158,6.38534,6.93096,7.63106,8.37927,8.92285,9.25784,9.55106,9.40663,8.37187,7.90099,7.92914,8.2319,8.84001,9.55321,10.58221,10.57214,11.40803,12.77645,13.638,14.60591,15.24919,15.85777
LVA.1.0.0.0.UWCD,LVA,1.0,0.0,0.0,0.0,UWCD,Latvia,01 Compensation of employees,Compensation of employees: total economy ,Mrd EURO-LVL,,,,,,,,,,,,,,,,,,,,,,,,,,,,,,,0.0434,0.08876,0.54544,1.00601,1.3614,1.66799,2.08335,2.31523,2.51524,2.68395,2.83856,3.00116,3.21521,3.67155,4.23361,5.47593,7.07483,9.98656,11.75203,8.84059,7.71056,8.03855,8.75263,9.44924,10.09555,10.89371,11.55814,12.4683,13.87447,14.93385,15.01554,15.8691,17.87223,20.68029,22.49832,23.39825,24.21719
LTU.1.0.0.0.UWCD,LTU,1.0,0.0,0.0,0.0,UWCD,Lithuania,01 Compensation of employees,Compensation of employees: total economy ,Mrd EURO-LTL,,,,,,,,,,,,,,,,,,,,,,,,,,,,,,,,0.05497,0.37193,1.33143,2.01459,2.90195,3.69065,4.5364,5.41539,5.45377,5.22285,5.36529,5.81031,6.44304,7.31009,8.52002,10.2773,12.3259,14.35507,11.98683,11.47312,12.28698,12.97338,13.74687,14.61904,15.65783,17.01122,18.56025,20.38225,22.64462,23.82572,26.97046,31.41116,35.77629,39.35392,41.91192,44.00752
LUX.1.0.0.0.UWCD,LUX,1.0,0.0,0.0,0.0,UWCD,Luxembourg,01 Compensation of employees,Compensation of employees: total economy ,Mrd EURO-LUF,0.30273,0.31889,0.33934,0.36948,0.43345,0.46165,0.494,0.50571,0.53803,0.58207,0.69056,0.77469,0.8821,1.01099,1.29114,1.481,1.65107,1.8217,1.92307,2.0791,2.29829,2.52397,2.69934,2.88044,3.1103,3.30216,3.57063,3.82884,4.10544,4.63213,5.08495,5.60338,6.1375,6.60911,7.05953,7.34435,7.74312,8.21066,8.6838,9.55427,10.65604,11.63848,12.45955,12.87171,13.6481,14.61204,15.84229,17.25097,18.56726,19.02172,19.73589,21.10747,21.90433,22.98006,24.04154,25.05809,25.99445,27.76546,29.70867,31.33706,32.25447,34.91046,38.18983,41.86771,43.50055,45.71908,48.05075
HUN.1.0.0.0.UWCD,HUN,1.0,0.0,0.0,0.0,UWCD,Hungary,01 Compensation of employees,Compensation of employees: total economy ,Mrd HUF,,,,,,,,,,,,,,,,,,,,,,,,,,,,,,,,,1601.72,1900.99,2210.13,2627.87,3161.2,3901.4,4592.38,5019.21,5910.39,6907.15,7692.35,8700.79,9587.32,10425.29,11092.95,11744.39,12334.32,11893.49,12009.65,12462.02,12948.0,13312.15,13995.22,14642.64,15589.85,16917.66,18339.54,20179.52,20494.89,22428.72,26701.54,30745.68,34803.27,37570.14,40405.3
MLT.1.0.0.0.UWCD,MLT,1.0,0.0,0.0,0.0,UWCD,Malta,01 Compensation of employees,Compensation of employees: total economy ,Mrd EURO-MTL,,,,,,,,,,,,,,,,,,,,,,,,,,,,,,,0.86098,0.95534,1.0352,1.15558,1.23925,1.39685,1.51331,1.57541,1.65863,1.73525,1.80433,1.94527,2.02337,2.13558,2.18663,2.24979,2.39684,2.52351,2.70492,2.76088,2.89645,3.09465,3.27261,3.49735,3.74783,4.12925,4.53008,4.95104,5.64641,6.17935,6.43173,6.91409,7.54809,8.18995,8.92705,9.59657,10.14358
NLD.1.0.0.0.UWCD,NLD,1.0,0.0,0.0,0.0,UWCD,Netherlands,01 Compensation of employees,Compensation of employees: total economy ,Mrd EURO-NLG,10.3249,11.3368,12.4571,13.8961,16.5836,18.7884,21.1376,23.0695,25.4409,29.475,33.7522,38.7879,43.4412,50.3489,58.5102,66.2136,73.5877,80.4666,87.3159,94.0153,99.8659,102.1171,105.2193,106.6047,107.0987,111.1698,115.975,119.9377,123.2768,127.0918,135.047,143.4474,151.9008,156.2003,159.9994,165.56,171.981,181.634,194.666,209.646,226.797,239.194,251.188,257.981,261.726,265.911,274.752,290.622,307.808,312.32,311.9,319.887,324.274,325.151,328.743,330.994,342.642,354.478,372.9,393.062,406.33,423.799,454.769,489.593,523.8645,550.0577,572.06
AUT.1.0.0.0.UWCD,AUT,1.0,0.0,0.0,0.0,UWCD,Austria,01 Compensation of employees,Compensation of employees: total economy ,Mrd EURO-ATS,5.5616,6.1988,6.7505,7.272,8.0038,8.8135,9.7133,10.5155,11.1482,12.157,13.3058,15.3771,17.4727,20.462,23.841,26.7599,29.4745,32.5007,35.5593,37.8461,40.8141,43.9219,45.8421,47.4962,49.9937,52.8973,56.0592,58.2911,60.5464,64.3329,69.3253,75.1655,80.2159,83.6444,87.2637,90.3571,91.4849,93.0672,96.5516,100.1176,103.6259,105.8566,107.8192,110.2441,112.9958,116.6014,122.2118,128.3535,135.556,136.2474,138.8937,144.4081,150.282,154.5017,158.71,163.6314,170.0109,175.9659,184.9181,192.6681,192.0839,201.4164,217.424,234.8295,252.4417,262.0345,271.2057
POL.1.0.0.0.UWCD,POL,1.0,0.0,0.0,0.0,UWCD,Poland,01 Compensation of employees,Compensation of employees: total economy ,Mrd PLN,,,,,,,,,,,,,,,,,,,,,,,,,,,,,,,,35.258,56.262,71.589,99.899,137.567,177.593,220.637,258.465,284.839,307.91,328.216,325.632,331.386,346.284,366.292,393.676,439.632,499.051,518.763,551.731,586.167,610.515,622.394,650.622,677.137,720.801,774.468,839.349,915.121,956.762,1031.331,1171.448,1321.273,1477.183,1567.291,1655.843
PRT.1.0.0.0.UWCD,PRT,1.0,0.0,0.0,0.0,UWCD,Portugal,01 Compensation of employees,Compensation of employees: total economy ,Mrd EURO-PTE,0.2319,0.253,0.2691,0.2947,0.3235,0.3629,0.4035,0.4649,0.5049,0.5626,0.6522,0.7502,0.879,1.0403,1.3673,1.7756,2.0627,2.4238,2.8379,3.3548,4.2697,5.2522,6.5121,7.7538,8.7011,10.4765,12.5671,14.7841,17.2173,20.9135,24.9121,29.7472,34.9,37.032,38.2095,41.662,44.7602,48.5965,53.1069,57.0795,61.8204,65.3948,68.4224,69.8321,72.3617,75.7815,77.8954,81.0652,83.6769,83.6551,85.2091,82.0251,75.7441,76.6033,76.7072,78.6462,81.2941,85.9003,91.5219,96.9575,96.895,103.7562,113.6042,126.2311,136.0771,142.3367,148.4572
ROM.1.0.0.0.UWCD,ROM,1.0,0.0,0.0,0.0,UWCD,Romania,01 Compensation of employees,Compensation of employees: total economy ,Mrd RON,,,,,,,,,,,,,,,,,,,,,,,,,,,,,,,0.0497,0.107,0.2727,0.8082,1.8258,2.7473,4.1266,7.872,14.0872,19.0171,31.8736,48.68,60.1717,73.6759,91.0411,112.9952,132.4908,144.419,195.7256,181.625,180.9784,184.6073,192.9085,201.8981,217.9943,228.5382,268.9345,317.7031,364.5719,410.7177,420.7207,449.3358,518.625,604.7888,696.7167,770.5687,846.0844
SVN.1.0.0.0.UWCD,SVN,1.0,0.0,0.0,0.0,UWCD,Slovenia,01 Compensation of employees,Compensation of employees: total economy ,Mrd EURO-SIT,,,,,,,,,,,,,,,,,,,,,,,,,,,,,,,0.48664,0.91724,2.71577,3.58575,4.47001,5.66921,6.34352,6.96532,7.57625,8.34041,9.40731,10.6142,11.65464,12.59971,13.64827,14.4466,15.47476,17.00481,18.72646,18.58058,18.81571,18.70908,18.27554,17.86172,18.19752,18.71256,19.74067,21.01133,22.58436,24.39165,25.11432,27.42483,29.53447,32.71387,35.0523,37.22044,39.11387
SVK.1.0.0.0.UWCD,SVK,1.0,0.0,0.0,0.0,UWCD,Slovakia,01 Compensation of employees,Compensation of employees: total economy ,Mrd EURO-SKK,,,,,,,,,,,,,,,,,,,,,,,,,,,,,,,,,,5.63823,6.54144,7.87996,9.05512,10.37046,11.26697,11.60377,12.85614,13.60425,14.73911,15.92026,16.70136,18.30811,20.15149,22.29097,24.2584,24.06988,25.00679,26.17145,26.97168,27.54448,28.68766,30.44304,32.00426,34.55409,37.44904,40.29554,41.0527,43.45733,46.76498,51.42653,54.92353,58.16402,61.30488
FIN.1.0.0.0.UWCD,FIN,1.0,0.0,0.0,0.0,UWCD,Finland,01 Compensation of employees,Compensation of employees: total economy ,Mrd EURO-FIM,1.241,1.3825,1.5484,1.7257,2.0212,2.2614,2.4891,2.7253,3.0438,3.3847,3.8334,4.4025,5.1539,6.2828,7.9357,9.9413,11.4965,12.4176,13.0907,14.9709,17.5262,20.2736,22.4518,24.8802,27.7085,30.8769,33.1222,36.0696,39.8811,44.6627,48.7982,48.9062,46.2599,43.7715,44.5586,47.357,49.355,52.017,56.103,59.464,63.299,66.893,69.012,70.68,73.624,77.395,81.338,85.895,91.57,90.508,92.596,97.076,100.257,101.098,101.375,102.572,104.283,105.061,109.146,112.627,110.869,118.106,126.139,132.399,132.4862,136.9848,141.4229
SWE.1.0.0.0.UWCD,SWE,1.0,0.0,0.0,0.0,UWCD,Sweden,01 Compensation of employees,Compensation of employees: total economy ,Mrd SEK,35.001,38.726,43.381,47.993,53.346,59.091,65.714,71.133,76.657,83.531,93.512,102.272,111.936,120.422,139.27,166.789,197.856,222.488,247.726,272.269,305.981,331.61,354.693,382.833,420.221,462.543,502.288,543.149,589.901,661.039,753.003,789.926,791.53,765.707,804.479,836.585,886.881,926.516,928.875,985.185,1085.267,1160.957,1200.839,1242.083,1282.75,1326.812,1392.738,1503.571,1580.65,1579.643,1629.617,1726.103,1797.444,1852.006,1924.261,2008.485,2106.123,2208.315,2336.125,2421.779,2446.852,2601.445,2756.307,2942.433,3063.073,3176.406,3300.286
GBR.1.0.0.0.UWCD,GBR,1.0,0.0,0.0,0.0,UWCD,United Kingdom,01 Compensation of employees,Compensation of employees: total economy ,Mrd GBP,15.107,16.337,17.232,18.124,19.648,21.223,22.75,23.701,25.36,27.124,30.444,33.394,37.724,43.727,52.271,68.366,77.799,86.248,98.414,115.38,137.191,148.953,158.023,169.254,180.886,195.369,210.6,227.216,253.294,282.748,312.172,332.596,344.018,354.714,367.331,384.013,402.315,435.864,457.754,494.84,531.545,565.818,579.634,610.848,652.853,690.874,731.202,780.149,795.756,787.058,806.726,824.206,839.768,872.922,894.857,924.521,961.615,999.375,1041.955,1087.539,1092.968,1154.623,1243.584,1343.825,1406.985,1456.229,1494.091
MNE.1.0.0.0.UWCD,MNE,1.0,0.0,0.0,0.0,UWCD,Montenegro,01 Compensation of employees,Compensation of employees: total economy ,Mrd EUR,,,,,,,,,,,,,,,,,,,,,,,,,,,,,,,,,,,,,,,,,,,,,,,0.82991,0.94288,1.17015,1.22988,1.31066,1.37016,1.3561,1.17551,1.32579,1.39457,1.54697,1.70086,1.86389,1.97127,1.87926,2.01079,2.37712,2.90053,,,
MKD.1.0.0.0.UWCD,MKD,1.0,0.0,0.0,0.0,UWCD,North Macedonia,01 Compensation of employees,Compensation of employees: total economy ,Mrd MKD,,,,,,,,,,,,,,,,,,,,,,,,,,,,,,,,,,,,,,92.1835,98.077,104.7298,106.939,104.116,104.531,109.975,107.597,105.878,117.826,118.594,139.543,148.9286,156.4346,162.0016,163.202,159.907,176.3152,185.174,201.8988,216.3658,229.0974,245.2286,259.9203,277.6805,309.3855,,,,
SRB.1.0.0.0.UWCD,SRB,1.0,0.0,0.0,0.0,UWCD,Serbia,01 Compensation of employees,Compensation of employees: total economy ,Mrd RSD,,,,,,,,,,,,,,,,,,,,,,,,,,,,,,,,,,,,19.865,38.126,42.155,53.894,61.62,123.19,262.568,384.262,466.764,574.146,700.558,835.574,995.614,1170.433,1227.347,1267.152,1372.702,1509.104,1561.908,1578.485,1610.257,1697.621,1812.581,1987.187,2210.294,2440.996,2760.553,3163.18,3684.65,4236.877,4636.398,5001.296
TUR.1.0.0.0.UWCD,TUR,1.0,0.0,0.0,0.0,UWCD,Turkey,01 Compensation of employees,Compensation of employees: total economy ,Mrd TRY,0.0,0.0,0.0,0.0,0.0,0.0,0.0,0.0,0.0,0.0,0.0,0.0,0.0,0.0,0.0,0.0,0.0,0.0,0.0,0.0,0.0,0.0,0.0,0.0,0.01,0.01,0.01,0.02,0.04,0.08,0.15,0.29,0.5,0.88,1.42,2.47,5.07,10.66,19.06,29.79,45.84,61.49,90.41,118.72,144.98,169.07,196.89,226.82,257.07,269.0,314.23,371.49,438.58,506.36,590.56,683.73,840.21,947.01,1129.02,1350.55,1478.63,1946.22,3535.88,7661.32,16570.38,27668.91,33247.28
ISL.1.0.0.0.UWCD,ISL,1.0,0.0,0.0,0.0,UWCD,Iceland,01 Compensation of employees,Compensation of employees: total economy ,Mrd ISK,0.043,0.053,0.062,0.075,0.1,0.118,0.14,0.14,0.145,0.18,0.227,0.295,0.361,0.51,0.765,1.024,1.39,2.051,3.271,4.972,7.865,12.19,19.119,30.047,39.046,57.233,75.75,111.88,138.599,156.166,176.924,203.604,206.227,205.307,213.391,226.601,245.28,260.111,301.228,338.389,374.845,415.013,444.526,470.947,515.456,579.256,678.26,774.472,804.803,735.697,774.961,848.203,903.428,978.137,1041.539,1157.342,1295.37,1425.43,1572.034,1619.551,1568.183,1736.684,2029.598,2277.077,2355.152,2407.523,2469.207
NOR.1.0.0.0.UWCD,NOR,1.0,0.0,0.0,0.0,UWCD,Norway,01 Compensation of employees,Compensation of employees: total economy ,Mrd NOK,17.004,18.571,20.836,22.536,24.462,26.955,29.741,33.452,36.207,39.266,43.675,50.924,57.229,64.526,74.272,88.34,103.232,117.111,128.772,134.51,151.154,171.263,191.218,207.138,226.325,250.987,283.185,318.611,338.24,342.727,355.621,372.261,386.746,396.659,416.837,442.256,474.022,514.081,565.468,604.164,638.751,678.1,710.687,730.356,766.374,814.57,889.982,986.58,1083.503,1115.382,1150.481,1223.958,1307.16,1383.01,1442.239,1485.846,1510.36,1559.747,1638.831,1733.247,1737.469,1844.012,1996.198,2155.072,2280.673,2400.546,2515.311
CHE.1.0.0.0.UWCD,CHE,1.0,0.0,0.0,0.0,UWCD,Switzerland,01 Compensation of employees,Compensation of employees: total economy ,Mrd CHF,20.1594,22.848,25.6304,28.616,31.8048,34.5247,36.7861,39.9488,42.6479,45.9409,51.6933,60.103,68.3148,77.8813,86.5881,88.7348,89.287,91.3816,96.0659,101.1826,109.0557,118.1475,126.7698,132.3461,137.5364,145.9524,155.1918,163.0794,173.3486,186.0417,202.949,217.8987,224.8778,227.597,228.9445,234.36,234.9259,237.73,241.9182,246.7219,256.6636,271.2439,279.0036,279.9885,282.5273,291.1363,302.429,318.9109,334.575,342.2976,345.2542,358.3173,367.5107,376.0943,382.0184,389.1544,393.9145,399.3557,408.1816,420.1989,415.0103,433.1851,457.6227,473.5844,485.6215,496.2044,510.5964
AUS.1.0.0.0.UWCD,AUS,1.0,0.0,0.0,0.0,UWCD,Australia,01 Compensation of employees,Compensation of employees: total economy ,Mrd AUD,8.391,8.661,9.179,10.038,11.271,12.213,13.367,14.566,16.116,18.134,20.826,23.27,25.962,31.766,40.982,47.344,53.397,58.516,62.867,69.99,80.897,93.788,103.91,110.004,120.975,133.06,144.577,158.975,177.714,199.479,207.361,210.208,218.663,227.856,241.667,258.949,277.286,289.213,307.709,324.662,346.524,364.905,387.306,413.431,444.874,476.672,521.007,567.294,590.003,613.19,668.483,714.092,737.893,764.153,786.422,811.447,832.781,873.163,919.356,956.942,996.768,1069.429,1177.339,,,,
CAN.1.0.0.0.UWCD,CAN,1.0,0.0,0.0,0.0,UWCD,Canada,01 Compensation of employees,Compensation of employees: total economy ,Mrd CAD,38.953,40.986,44.084,47.05,51.426,57.327,64.83,71.716,77.965,87.19,94.515,103.616,116.297,133.969,159.755,186.329,215.556,238.731,259.676,292.045,330.152,,,,,,,,,,,380.599,389.757,396.616,407.635,421.128,431.742,456.324,480.971,507.126,552.023,574.795,597.153,621.208,656.758,693.437,738.263,783.93,819.727,812.073,837.683,883.045,923.413,961.179,998.463,1026.846,1026.483,1069.956,1126.948,1174.784,1161.007,1269.424,1385.827,1477.054,,,
JPN.1.0.0.0.UWCD,JPN,1.0,0.0,0.0,0.0,UWCD,Japan,01 Compensation of employees,Compensation of employees: total economy ,Mrd JPY,6344.5,7511.6,8966.7,10463.1,12239.7,14255.3,16497.9,18961.8,22099.2,26008.3,31358.9,37181.3,43285.9,54252.4,68833.2,80209.7,90473.2,101067.1,109211.8,118043.8,128206.1,138814.0,146703.1,154239.2,162701.4,170173.3,177378.1,183568.1,194249.9,208140.4,225148.0,243216.6,251113.1,256543.4,261592.9,265944.8,270561.6,278619.7,274439.0,269117.5,269760.7,266480.0,257309.9,255080.6,255851.6,260470.5,265057.9,266484.6,266666.7,253660.6,251043.6,251454.0,251514.1,253202.1,257408.0,260504.9,267291.8,271992.2,281235.3,286784.6,283079.0,288639.6,295279.0,305318.5,317531.2,325469.5,333606.2
KOR.1.0.0.0.UWCD,KOR,1.0,0.0,0.0,0.0,UWCD,Korea,01 Compensation of employees,Compensation of employees: total economy ,Mrd WON,,,,,,,,,,,940.8,1161.8,1412.3,1844.6,2496.0,3380.2,4784.4,6475.4,9239.4,12365.1,15628.7,19326.2,22499.8,27262.3,31404.5,34925.8,40605.1,48793.0,60055.9,71436.9,87771.9,109446.3,124889.8,142065.6,166860.8,199033.2,228382.9,241867.1,230544.3,246337.6,270341.6,298033.2,329033.2,358607.2,388669.7,417040.2,443624.4,478053.2,506130.9,526569.0,562454.9,600437.0,629947.7,664645.5,702289.3,750213.0,786190.6,824416.3,868145.1,913408.8,935575.1,982801.1,1029710.2,,,,
NZL.1.0.0.0.UWCD,NZL,1.0,0.0,0.0,0.0,UWCD,New Zealand,01 Compensation of employees,Compensation of employees: total economy ,Mrd NZD,1.214,1.2954,1.3728,1.4751,1.6339,1.7937,1.9377,2.0201,2.1282,2.3645,2.8489,3.378,3.797,4.481,5.397,6.23,7.015,8.05,9.352,10.906,12.979,15.653,17.16,17.504,19.168,22.583,26.992,30.144,31.508,32.442,32.849,32.534,33.219,34.766,37.088,39.329,41.97,43.707,44.714,45.817,48.141,51.721,55.13,59.373,64.347,69.696,74.449,80.781,85.104,85.822,88.831,92.305,95.053,98.754,104.376,109.939,115.703,122.805,130.565,139.427,144.456,158.348,172.466,,,,
USA.1.0.0.0.UWCD,USA,1.0,0.0,0.0,0.0,UWCD,United States,01 Compensation of employees,Compensation of employees: total economy ,Mrd USD,301.44,310.57,332.3,350.47,376.03,405.41,449.23,481.76,530.74,584.44,623.32,664.97,731.33,812.7,887.74,947.27,1048.38,1165.89,1316.86,1477.3,1622.35,1792.68,1893.18,2012.66,2216.08,2387.54,2543.85,2723.76,2948.85,3140.89,3342.68,3453.27,3671.21,3820.61,4010.21,4202.18,4421.07,4713.22,5075.7,5409.93,5854.63,6046.34,6143.37,6362.3,6729.3,7077.72,7491.26,7889.37,8068.68,7767.19,7932.97,8234.01,8575.37,8843.64,9259.66,9709.54,9977.1,10434.98,10967.69,11458.47,11604.03,12568.21,13454.1,14209.57,14866.35,15425.47,16022.8
EU27.1.1.0.0.UWCD,EU27,1.0,1.0,0.0,0.0,UWCD,European Union,01 Compensation of employees,Compensation of employees: total economy ,"Mrd ECU/EUR, Weighted mean of t/t-1 national growth rates (weights: t-1 current prices in ECU/EUR)",,,,,,,,,,,,,,,,,,,,,,,,,,,,,,,,,,,,2949.236,3069.44,3218.749,3350.499,3512.637,3718.739,3888.397,4029.757,4151.151,4283.505,4432.012,4635.161,4872.065,5120.201,5104.271,5191.804,5323.762,5394.766,5461.062,5593.757,5757.585,5953.403,6203.494,6485.958,6755.922,6665.398,7080.765,7614.707,8175.253,8650.681,9003.609,9330.14
EU15.1.1.0.0.UWCD,EU15,1.0,1.0,0.0,0.0,UWCD,European Union (15 countries),01 Compensation of employees,Compensation of employees: total economy ,"Mrd ECU/EUR, Weighted mean of t/t-1 national growth rates (weights: t-1 current prices in ECU/EUR)",,,,,,,,,,,,,,,,,,,,,,,,,,,,,,,,2962.13,3129.61,3206.22,3301.26,3441.69,3558.04,3698.83,3834.27,4033.22,4269.27,4466.1,4612.11,4761.7,4933.28,5111.71,5344.21,5614.99,5835.14,5815.4,5919.98,6060.44,6137.83,6238.17,6381.32,6564.65,6777.01,7033.02,7321.28,7597.97,7491.34,7938.75,8501.24,9094.57,9558.15,9906.29,10216.56
EA19.1.1.0.0.UWCD,EA19,1.0,1.0,0.0,0.0,UWCD,Euro area (19 countries),01 Compensation of employees,Compensation of employees: total economy ,"Mrd ECU/EUR, Weighted mean of t/t-1 national growth rates (weights: t-1 current prices in ECU/EUR)",,,,,,,,,,,,,,,,,,,,,,,,,,,,,,,,,,,,2780.343,2867.038,2960.229,3063.879,3202.407,3375.571,3512.866,3636.804,3738.058,3847.198,3968.188,4138.469,4332.119,4526.216,4512.273,4584.753,4692.048,4742.175,4792.672,4898.564,5033.355,5185.502,5382.349,5603.918,5815.632,5705.44,6053.235,6482.622,6931.141,7297.679,7568.066,7814.475
EA20.1.1.0.0.UWCD,EA20,1.0,1.0,0.0,0.0,UWCD,Euro area,01 Compensation of employees,Compensation of employees: total economy ,"Mrd ECU/EUR, Weighted mean of t/t-1 national growth rates (weights: t-1 current prices in ECU/EUR)",,,,,,,,,,,,,,,,,,,,,,,,,,,,,,,,,,,,2787.071,2874.796,2969.285,3074.302,3213.574,3387.543,3525.078,3650.39,3753.113,3863.219,3985.214,4156.756,4352.254,4547.918,4533.811,4605.631,4712.827,4762.73,4812.93,4918.924,5054.105,5206.818,5404.667,5627.814,5840.335,5730.069,6079.57,6512.765,6966.893,7338.677,7611.944,7860.552
EA12.1.1.0.0.UWCD,EA12,1.0,1.0,0.0,0.0,UWCD,Euro area (12 countries),01 Compensation of employees,Compensation of employees: total economy ,"Mrd ECU/EUR, Weighted mean of t/t-1 national growth rates (weights: t-1 current prices in ECU/EUR)",,,,,,,,,,,,,,,,,,,,,,,,,,,,,,,,2356.429,2507.044,2572.364,2644.073,2755.279,2838.436,2928.282,3028.999,3165.592,3335.749,3469.931,3590.363,3687.422,3792.49,3907.416,4069.993,4252.932,4437.855,4430.07,4502.73,4606.747,4654.531,4703.671,4806.147,4935.828,5082.046,5270.646,5481.964,5683.021,5569.613,5906.132,6319.581,6749.72,7102.467,7361.842,7598.174
DU15.1.1.0.0.UWCD,DU15,1.0,1.0,0.0,0.0,UWCD,EU15 (including D_W West-Germany),01 Compensation of employees,Compensation of employees: total economy ,"Mrd ECU/EUR, Weighted mean of t/t-1 national growth rates (weights: t-1 current prices in ECU/EUR)",124.919,138.221,152.676,168.837,187.147,205.081,222.889,236.72,257.824,287.519,329.902,372.393,418.547,484.882,571.32,665.727,763.279,860.606,961.76,1085.487,1235.351,1361.27,1486.448,1601.128,1711.653,1834.91,1960.842,2085.521,2237.121,2418.443,2649.679,2851.195,,,,,,,,,,,,,,,,,,,,,,,,,,,,,,,,,,,
DA12.1.1.0.0.UWCD,DA12,1.0,1.0,0.0,0.0,UWCD,EA12 (including D_W West-Germany),01 Compensation of employees,Compensation of employees: total economy ,"Mrd ECU/EUR, Weighted mean of t/t-1 national growth rates (weights: t-1 current prices in ECU/EUR)",93.928,104.778,117.587,132.527,147.884,162.462,176.97,188.606,206.546,233.056,269.427,306.823,345.082,401.435,472.136,536.98,615.485,696.509,775.982,871.396,985.008,1090.223,1198.347,1291.812,1379.177,1473.985,1570.56,1663.378,1771.11,1900.385,2077.526,2244.998,,,,,,,,,,,,,,,,,,,,,,,,,,,,,,,,,,,
EU27.1.2.0.0.UWCD,EU27,1.0,2.0,0.0,0.0,UWCD,European Union,01 Compensation of employees,Compensation of employees: total economy ,"Mrd ECU/EUR, Weighted mean of t/t-1 national growth rates (weights: t-1 current prices in PPS)",,,,,,,,,,,,,,,,,,,,,,,,,,,,,,,,,,,,2618.032,2774.559,3043.232,3205.778,3375.217,3595.611,3782.147,3933.429,4067.537,4214.66,4380.078,4595.428,4845.888,5117.549,5096.796,5184.84,5314.788,5383.561,5448.965,5587.251,5757.585,5967.874,6238.696,6542.995,6838.381,6756.527,7189.646,7760.667,8362.106,8881.205,9262.454,9614.62
EU15.1.2.0.0.UWCD,EU15,1.0,2.0,0.0,0.0,UWCD,European Union (15 countries),01 Compensation of employees,Compensation of employees: total economy ,"Mrd ECU/EUR, Weighted mean of t/t-1 national growth rates (weights: t-1 current prices in PPS)",,,,,,,,,,,,,,,,,,,,,,,,,,,,,,,,2936.31,3110.85,3191.48,3287.51,3431.34,3557.1,3707.55,3845.65,4045.46,4282.49,4479.63,4633.18,4783.7,4955.89,5134.4,5367.29,5637.16,5864.16,5843.8,5947.03,6080.68,6147.76,6240.28,6381.06,6564.65,6773.81,7029.33,7317.17,7595.75,7477.34,7928.81,8491.11,9083.5,9551.42,9901.44,10213.44
EA19.1.2.0.0.UWCD,EA19,1.0,2.0,0.0,0.0,UWCD,Euro area (19 countries),01 Compensation of employees,Compensation of employees: total economy ,"Mrd ECU/EUR, Weighted mean of t/t-1 national growth rates (weights: t-1 current prices in PPS)",,,,,,,,,,,,,,,,,,,,,,,,,,,,,,,,,,,,2723.862,2822.459,2926.116,3033.683,3174.3,3349.408,3490.661,3620.694,3728.001,3842.379,3969.537,4146.08,4347.308,4547.148,4528.864,4598.598,4700.78,4743.351,4790.077,4895.613,5033.355,5186.601,5385.643,5610.165,5826.718,5711.412,6065.175,6498.411,6951.314,7323.716,7598.038,7846.929
EA20.1.2.0.0.UWCD,EA20,1.0,2.0,0.0,0.0,UWCD,Euro area,01 Compensation of employees,Compensation of employees: total economy ,"Mrd ECU/EUR, Weighted mean of t/t-1 national growth rates (weights: t-1 current prices in PPS)",,,,,,,,,,,,,,,,,,,,,,,,,,,,,,,,,,,,2727.131,2827.324,2933.063,3042.725,3184.2,3360.188,3501.434,3633.395,3742.813,3858.469,3986.92,4165.013,4368.649,4570.47,4551.98,4620.555,4722.383,4764.509,4810.647,4916.084,5054.105,5207.876,5408.033,5634.54,5851.847,5736.715,6092.342,6530.669,6991.324,7370.96,7649.034,7900.708
EA12.1.2.0.0.UWCD,EA12,1.0,2.0,0.0,0.0,UWCD,Euro area (12 countries),01 Compensation of employees,Compensation of employees: total economy ,"Mrd ECU/EUR, Weighted mean of t/t-1 national growth rates (weights: t-1 current prices in PPS)",,,,,,,,,,,,,,,,,,,,,,,,,,,,,,,,2317.5,2470.853,2538.081,2610.431,2724.126,2815.968,2913.817,3017.123,3156.819,3329.403,3467.563,3593.304,3694.733,3803.445,3921.285,4086.426,4272.272,4460.116,4451.243,4522.217,4620.151,4659.162,4703.585,4804.636,4935.828,5081.626,5270.393,5482.147,5685.459,5564.776,5905.331,6319.461,6750.547,7106.834,7368.283,7605.48
DU15.1.2.0.0.UWCD,DU15,1.0,2.0,0.0,0.0,UWCD,EU15 (including D_W West-Germany),01 Compensation of employees,Compensation of employees: total economy ,"Mrd ECU/EUR, Weighted mean of t/t-1 national growth rates (weights: t-1 current prices in PPS)",110.867,122.813,135.972,151.047,167.601,184.021,200.432,213.262,232.046,258.559,297.013,335.841,378.532,440.389,522.149,613.981,707.477,804.511,905.436,1030.259,1180.854,1309.844,1437.044,1554.582,1665.601,1790.024,1917.414,2044.818,2200.734,2385.243,2618.982,2826.327,,,,,,,,,,,,,,,,,,,,,,,,,,,,,,,,,,,
DA12.1.2.0.0.UWCD,DA12,1.0,2.0,0.0,0.0,UWCD,EA12 (including D_W West-Germany),01 Compensation of employees,Compensation of employees: total economy ,"Mrd ECU/EUR, Weighted mean of t/t-1 national growth rates (weights: t-1 current prices in PPS)",81.491,90.952,102.216,115.659,129.18,142.306,155.496,166.136,181.589,204.621,236.753,269.979,304.595,355.789,421.518,483.569,558.213,638.718,717.374,812.722,926.124,1032.747,1140.023,1235.274,1322.79,1418.944,1517.207,1612.886,1724.507,1857.719,2037.069,2207.687,,,,,,,,,,,,,,,,,,,,,,,,,,,,,,,,,,,
EU27.1.0.99.0.UWCD,EU27,1.0,0.0,99.0,0.0,UWCD,European Union,01 Compensation of employees,Compensation of employees: total economy ,"Mrd ECU/EUR, Standard aggregation",,,,,,,,,,,,,,,,,,,,,,,,,,,,,,,,,,,,3079.88,3207.176,3263.209,3368.95,3537.405,3750.043,3911.575,4052.139,4156.488,4285.259,4448.665,4657.577,4906.603,5163.324,5089.562,5208.835,5347.407,5418.528,5482.519,5599.197,5757.585,5943.902,6195.693,6461.853,6718.321,6613.777,7028.978,7538.836,8086.416,8565.867,8912.202,9235.418
EU15.1.0.99.0.UWCD,EU15,1.0,0.0,99.0,0.0,UWCD,European Union (15 countries),01 Compensation of employees,Compensation of employees: total economy ,"Mrd ECU/EUR, Standard aggregation",,,,,,,,,,,,,,,,,,,,,,,,,,,,,,,,3070.764,3214.38,3224.428,3307.913,3418.869,3562.608,3738.96,3874.0,4116.051,4425.782,4598.747,4740.395,4806.023,4997.606,5168.065,5406.718,5676.514,5729.014,5589.267,5742.101,5877.338,6027.998,6078.917,6263.924,6564.649,6623.132,6789.878,7042.357,7310.561,7193.824,7677.731,8221.068,8742.892,9233.799,9597.677,9898.288
EA19.1.0.99.0.UWCD,EA19,1.0,0.0,99.0,0.0,UWCD,Euro area (19 countries),01 Compensation of employees,Compensation of employees: total economy ,"Mrd ECU/EUR, Standard aggregation",,,,,,,,,,,,,,,,,,,,,,,,,,,,,,,,,,,,2819.468,2916.844,2956.299,3045.26,3201.286,3373.736,3509.735,3633.282,3733.742,3842.734,3963.851,4134.537,4329.7,4525.347,4512.242,4584.689,4692.011,4742.25,4792.691,4898.564,5033.355,5185.502,5382.349,5603.918,5815.632,5705.44,6053.235,6482.622,6931.141,7297.679,7568.066,7814.475
EA20.1.0.99.0.UWCD,EA20,1.0,0.0,99.0,0.0,UWCD,Euro area,01 Compensation of employees,Compensation of employees: total economy ,"Mrd ECU/EUR, Standard aggregation",,,,,,,,,,,,,,,,,,,,,,,,,,,,,,,,,,,,2827.284,2925.656,2966.342,3056.466,3212.553,3385.716,3522.218,3647.277,3748.898,3859.014,3981.367,4153.53,4350.537,4548.134,4534.505,4606.454,4713.26,4763.049,4813.041,4918.869,5054.105,5207.046,5405.113,5628.429,5840.973,5730.292,6079.842,6513.03,6967.176,7338.977,7612.256,7860.874
EA12.1.0.99.0.UWCD,EA12,1.0,0.0,99.0,0.0,UWCD,Euro area (12 countries),01 Compensation of employees,Compensation of employees: total economy ,"Mrd ECU/EUR, Standard aggregation",,,,,,,,,,,,,,,,,,,,,,,,,,,,,,,,2431.914,2581.709,2622.395,2680.882,2795.096,2889.874,2925.745,3012.344,3167.484,3336.293,3469.931,3590.363,3687.422,3792.49,3907.416,4069.993,4252.932,4437.855,4430.07,4502.73,4606.747,4654.531,4703.671,4806.147,4935.828,5082.046,5270.646,5481.964,5683.021,5569.613,5906.132,6319.581,6749.72,7102.467,7361.842,7598.174
DU15.1.0.99.0.UWCD,DU15,1.0,0.0,99.0,0.0,UWCD,EU15 (including D_W West-Germany),01 Compensation of employees,Compensation of employees: total economy ,"Mrd ECU/EUR, Standard aggregation",146.584,162.223,179.214,198.184,219.676,240.729,261.631,277.282,300.401,335.091,386.116,435.62,489.483,569.972,676.877,786.171,895.806,990.246,1083.487,1222.05,1385.326,1528.296,1645.271,1725.428,1839.051,1961.168,2057.952,2165.818,2331.578,2534.0,2755.571,2964.732,,,,,,,,,,,,,,,,,,,,,,,,,,,,,,,,,,,
DA12.1.0.99.0.UWCD,DA12,1.0,0.0,99.0,0.0,UWCD,EA12 (including D_W West-Germany),01 Compensation of employees,Compensation of employees: total economy ,"Mrd ECU/EUR, Standard aggregation",97.375,109.212,122.719,138.311,154.338,169.553,184.694,197.113,220.3,248.099,288.451,329.15,373.996,447.881,532.578,614.256,709.014,791.958,867.382,970.187,1076.712,1170.956,1273.432,1345.726,1430.272,1516.811,1627.093,1719.144,1816.777,1967.261,2160.826,2325.881,,,,,,,,,,,,,,,,,,,,,,,,,,,,,,,,,,,
BEL.1.0.99.0.UWCD,BEL,1.0,0.0,99.0,0.0,UWCD,Belgium,01 Compensation of employees,Compensation of employees: total economy ,Mrd ECU/EUR,4.7508,4.932,5.4065,5.9486,6.7073,7.4231,8.1364,8.7536,9.6264,10.7446,12.0626,13.8106,16.367,19.5293,24.5837,28.4345,34.5893,39.637,43.4271,46.3599,50.6493,52.075,50.7352,52.093,55.7956,59.4173,63.4804,66.281,68.4534,73.5046,81.0089,87.5887,93.3744,99.2889,105.2558,111.4444,111.5181,112.3253,116.0686,122.9643,128.5636,135.7096,141.9848,144.6686,148.8507,153.9854,161.3932,170.1056,179.6282,181.0097,184.8864,193.2785,199.851,203.6959,206.318,208.238,212.2861,219.5296,226.7296,234.996,230.8924,245.6768,269.152,292.6611,302.7297,313.0708,322.5943
BGR.1.0.99.0.UWCD,BGR,1.0,0.0,99.0,0.0,UWCD,Bulgaria,01 Compensation of employees,Compensation of employees: total economy ,Mrd ECU/EUR,,,,,,,,,,,,,,,,,,,,,,,,,,,,,,,,,,,,4.32363,2.92246,3.1391,4.6891,4.78022,5.11772,5.66924,6.02603,6.50835,7.08899,8.02915,8.90033,10.44333,12.4917,13.21744,13.89241,14.6039,15.44833,16.61693,17.51213,18.68188,20.11848,22.30292,24.6641,26.77736,27.90431,31.35684,35.94621,41.37461,47.16705,52.35543,56.80564
CZE.1.0.99.0.UWCD,CZE,1.0,0.0,99.0,0.0,UWCD,Czechia,01 Compensation of employees,Compensation of employees: total economy ,Mrd ECU/EUR,,,,,,,,,,,,,,,,,,,,,,,,,,,,,,,,,,13.6623,16.3294,18.16,21.5016,22.5765,23.6632,23.8313,26.3029,29.7114,35.247,35.9689,38.9483,44.6863,50.3865,55.8327,66.5915,60.9085,64.8504,68.2158,68.2867,66.6744,65.2323,69.2307,73.9452,82.826,93.3024,100.487,99.1871,109.7333,123.3991,136.0176,138.4075,147.0642,155.594
DNK.1.0.99.0.UWCD,DNK,1.0,0.0,99.0,0.0,UWCD,Denmark,01 Compensation of employees,Compensation of employees: total economy ,Mrd ECU/EUR,2.7547,3.1406,3.5552,3.7664,4.2736,4.9522,5.5185,6.1142,6.5434,7.5107,8.5061,9.5101,10.5052,12.6543,15.1888,17.3985,20.9718,22.8894,24.7837,26.9705,27.357,29.1875,32.1475,35.2475,37.9769,41.7197,45.4533,49.884,52.1273,53.6852,57.3117,58.7845,61.2244,63.319,65.8112,70.783,74.2081,76.5335,80.7574,85.5123,88.8505,93.517,97.1872,99.7339,102.5546,107.3565,113.662,121.0277,127.4325,127.0384,128.0914,129.7632,131.3227,133.3117,136.2073,140.3556,145.2194,150.0749,154.92,159.8556,162.3766,171.8488,183.5662,191.8288,201.3916,210.2365,218.2255
DEU.1.0.99.0.UWCD,DEU,1.0,0.0,99.0,0.0,UWCD,Germany,01 Compensation of employees,Compensation of employees: total economy ,Mrd ECU/EUR,,,,,,,,,,,,,,,,,,,,,,,,,,,,,,,,823.079,906.915,969.873,1002.601,1069.363,1059.053,1034.07,1053.703,1090.834,1134.632,1152.309,1160.285,1165.998,1170.964,1168.433,1190.349,1224.004,1271.712,1278.78,1317.103,1373.46,1428.808,1471.443,1531.87,1594.004,1657.401,1732.387,1816.102,1899.063,1894.056,1963.032,2081.653,2223.568,2340.283,2417.512,2490.038
D_W.1.0.99.0.UWCD,D_W,1.0,0.0,99.0,0.0,UWCD,West Germany,01 Compensation of employees,Compensation of employees: total economy ,Mrd ECU/EUR,32.3823,37.6542,41.9356,44.9886,49.2258,54.626,58.8163,58.979,65.5464,75.4192,96.3597,112.0868,126.6624,157.3761,184.7913,195.4483,228.8051,261.1471,288.8585,318.3967,344.2796,362.5354,395.6127,423.179,446.1136,466.4063,513.8558,551.8826,574.2846,602.0875,657.1853,717.0467,,,,,,,,,,,,,,,,,,,,,,,,,,,,,,,,,,,
EST.1.0.99.0.UWCD,EST,1.0,0.0,99.0,0.0,UWCD,Estonia,01 Compensation of employees,Compensation of employees: total economy ,Mrd ECU/EUR,,,,,,,,,,,,,,,,,,,,,,,,,,,,,,,,,,0.71321,1.07502,1.51241,1.85192,2.15444,2.37962,2.4696,2.78387,3.10188,3.42485,3.84951,4.26717,4.92157,5.90041,7.33987,8.19518,7.04694,6.86362,7.45161,7.997,8.53081,9.16891,9.76107,10.37967,11.31765,12.46449,13.58326,13.8147,15.05877,17.13295,18.99558,19.85038,20.6841,21.65625
IRL.1.0.99.0.UWCD,IRL,1.0,0.0,99.0,0.0,UWCD,Ireland,01 Compensation of employees,Compensation of employees: total economy ,Mrd ECU/EUR,0.7823,0.8473,0.9366,1.0086,1.1703,1.2468,1.353,1.446,1.4664,1.7075,1.9921,2.2945,2.56,2.7854,3.2988,3.8709,4.1444,4.659,5.4782,6.7441,8.2979,9.6193,10.9984,11.5947,12.3925,13.4832,14.0544,13.9837,14.8124,15.7878,17.2716,18.3552,19.8893,20.3716,21.8465,23.144,25.8986,30.6372,32.799,36.8657,41.9234,46.8948,50.2038,54.6721,59.3938,66.16,72.8451,79.7817,81.8207,74.3969,69.6447,71.4336,72.1842,73.2377,76.1826,80.9716,86.3698,92.3896,98.2918,106.2636,106.103,117.2721,128.5906,142.5504,152.6715,161.8013,170.8621
GRC.1.0.99.0.UWCD,GRC,1.0,0.0,99.0,0.0,UWCD,Greece,01 Compensation of employees,Compensation of employees: total economy ,Mrd ECU/EUR,1.02658,1.10646,1.20397,1.31694,1.50415,1.73332,1.98186,2.22464,2.57753,2.90184,3.23954,3.5495,3.84167,4.22484,5.33009,5.87204,7.27717,8.81487,9.85941,11.37437,11.70224,13.97657,16.9528,17.0776,18.44796,19.22878,16.61648,16.44178,18.92715,22.35855,24.13887,24.69618,25.20408,26.02232,27.41383,30.07846,32.64563,36.74919,38.09472,42.12408,43.46255,46.22666,53.01467,58.25476,62.88473,67.08329,71.98121,77.51361,81.70242,83.52921,81.03857,74.88596,68.38653,62.77841,63.10604,62.28811,63.52989,64.07587,66.36092,68.21593,65.29015,70.11392,73.55121,77.4543,81.71429,85.06457,88.33956
ESP.1.0.99.0.UWCD,ESP,1.0,0.0,99.0,0.0,UWCD,Spain,01 Compensation of employees,Compensation of employees: total economy ,Mrd ECU/EUR,4.7127,5.2696,6.1028,7.4236,8.5004,10.028,11.9868,13.6892,13.6689,15.7421,17.853,20.3385,24.8997,30.4412,39.3993,47.037,54.3972,59.4483,64.9686,80.2388,83.8661,91.3685,98.7271,94.1928,101.46,107.9991,114.9144,124.9388,144.7082,173.1561,201.4629,228.2696,240.9246,223.6016,216.8198,224.3567,240.5459,252.4652,269.1641,290.388,316.163,336.896,358.651,380.011,405.676,435.445,471.958,509.107,545.226,531.653,528.815,515.74,483.951,470.153,476.301,497.019,508.025,528.14,550.649,585.833,561.866,604.193,655.862,715.607,766.0573,806.6583,840.538
FRA.1.0.99.0.UWCD,FRA,1.0,0.0,99.0,0.0,UWCD,France,01 Compensation of employees,Compensation of employees: total economy ,Mrd ECU/EUR,26.154,28.939,32.643,37.366,41.648,44.98,48.506,52.702,61.387,67.484,71.398,79.222,90.358,107.566,123.925,155.95,180.506,195.724,216.525,242.179,276.385,304.81,328.156,342.537,362.647,388.608,408.616,418.725,435.871,464.649,503.769,521.444,551.15,579.18,595.825,623.126,643.803,648.783,673.719,709.318,748.654,781.644,813.794,837.82,866.987,899.274,937.326,974.335,1003.885,1006.633,1032.729,1064.378,1088.78,1107.915,1126.855,1143.091,1164.986,1202.199,1231.985,1243.041,1195.012,1285.636,1377.05,1448.933,1499.645,1535.637,1572.492
HRV.1.0.99.0.UWCD,HRV,1.0,0.0,99.0,0.0,UWCD,Croatia,01 Compensation of employees,Compensation of employees: total economy ,Mrd ECU/EUR,,,,,,,,,,,,,,,,,,,,,,,,,,,,,,,,,,,,7.81584,8.81264,10.0428,11.20608,11.267,11.98,12.48294,13.99524,15.15605,16.27946,17.51604,18.99302,20.8368,22.78706,22.26295,21.765,21.24956,20.79859,20.35025,20.30508,20.7504,21.54391,22.76435,24.51078,25.34125,24.8526,26.60759,30.40888,36.03549,41.29861,44.18951,46.39899
ITA.1.0.99.0.UWCD,ITA,1.0,0.0,99.0,0.0,UWCD,Italy,01 Compensation of employees,Compensation of employees: total economy ,Mrd ECU/EUR,15.1649,16.6802,19.3627,23.5573,26.2402,27.8218,29.7542,33.0655,37.2088,41.267,48.2529,54.7355,60.3505,66.2409,74.9147,88.3667,94.4774,106.4539,114.9197,132.2283,155.8086,178.3759,198.2369,223.328,243.4491,259.3725,277.5914,294.4543,314.1702,350.3146,389.0386,423.1445,426.0957,376.4628,370.1841,345.838,401.4441,427.2032,422.4647,439.1286,456.6956,481.2742,503.5289,524.389,543.3779,566.7351,592.1013,614.8985,636.7028,632.3164,640.1786,649.0672,640.1097,634.1138,635.9379,649.3151,665.2235,682.7548,703.6504,718.9568,677.9612,738.2206,783.5966,824.0265,870.996,904.9649,932.1138
CYP.1.0.99.0.UWCD,CYP,1.0,0.0,99.0,0.0,UWCD,Cyprus,01 Compensation of employees,Compensation of employees: total economy ,Mrd ECU/EUR,,,,,,,,,,,,,,,,,,,,,,,,,,,,,,,,,,,,3.06465,3.23803,3.51319,3.70419,3.95106,4.29288,4.55904,4.92209,5.37573,5.74944,6.47881,7.04524,7.66569,8.37927,8.92285,9.25784,9.55106,9.40663,8.37187,7.90099,7.92914,8.2319,8.84001,9.55321,10.58221,10.57214,11.40803,12.77645,13.638,14.60591,15.24919,15.85777
LVA.1.0.99.0.UWCD,LVA,1.0,0.0,99.0,0.0,UWCD,Latvia,01 Compensation of employees,Compensation of employees: total economy ,Mrd ECU/EUR,,,,,,,,,,,,,,,,,,,,,,,,,,,,,,,,,0.4278,0.89091,1.44074,1.70008,2.09288,2.46762,2.67739,3.01504,3.56726,3.76607,3.88894,4.02772,4.47274,5.52796,7.14155,10.02569,11.7542,8.80408,7.64619,7.99898,8.8221,9.46734,10.09555,10.89371,11.55814,12.4683,13.87447,14.93385,15.01554,15.8691,17.87223,20.68029,22.49832,23.39825,24.21719
LTU.1.0.99.0.UWCD,LTU,1.0,0.0,99.0,0.0,UWCD,Lithuania,01 Compensation of employees,Compensation of employees: total economy ,Mrd ECU/EUR,,,,,,,,,,,,,,,,,,,,,,,,,,,,,,,,,0.59917,0.90374,1.47001,1.9151,2.50898,3.45299,4.16965,4.41615,4.88027,5.17135,5.79917,6.44313,7.30996,8.52002,10.2773,12.3259,14.35507,11.98683,11.47312,12.28698,12.97338,13.74687,14.61904,15.65783,17.01122,18.56025,20.38225,22.64462,23.82572,26.97046,31.41116,35.77629,39.35392,41.91192,44.00752
LUX.1.0.99.0.UWCD,LUX,1.0,0.0,99.0,0.0,UWCD,Luxembourg,01 Compensation of employees,Compensation of employees: total economy ,Mrd ECU/EUR,0.23125,0.24105,0.25592,0.27865,0.32689,0.34816,0.37255,0.38317,0.4219,0.45942,0.54503,0.61437,0.72089,0.85319,1.13444,1.31106,1.54299,1.79751,1.93644,2.08814,2.28368,2.46561,2.43541,2.55726,2.76108,2.96588,3.28872,3.58856,3.81346,4.30744,4.83496,5.35344,5.95256,6.58765,7.18118,7.68497,7.94829,8.1715,8.62377,9.55427,10.65604,11.63848,12.45955,12.87171,13.6481,14.61204,15.84229,17.25097,18.56726,19.02172,19.73589,21.10747,21.90433,22.98006,24.04154,25.05809,25.99445,27.76546,29.70867,31.33706,32.25447,34.91046,38.18983,41.86771,43.50055,45.71908,48.05075
HUN.1.0.99.0.UWCD,HUN,1.0,0.0,99.0,0.0,UWCD,Hungary,01 Compensation of employees,Compensation of employees: total economy ,Mrd ECU/EUR,,,,,,,,,,,,,,,,,,,,,,,,,,,,,,,,,9.2705,17.6654,17.6768,15.9705,16.3152,18.4329,19.0893,19.857,22.7284,26.9189,31.6612,34.3066,38.0969,42.0282,41.9769,46.7249,49.0407,42.4272,43.5953,44.6072,44.7641,44.8412,45.3351,47.235,50.0577,54.7155,57.5106,62.0342,58.3486,62.5694,68.3294,80.5171,88.3899,93.6185,100.6833
MLT.1.0.99.0.UWCD,MLT,1.0,0.0,99.0,0.0,UWCD,Malta,01 Compensation of employees,Compensation of employees: total economy ,Mrd ECU/EUR,,,,,,,,,,,,,,,,,,,,,,,,,,,,,,,0.91573,1.02578,1.07618,1.10965,1.18588,1.29958,1.41946,1.5459,1.63696,1.74951,1.91685,2.07222,2.12432,2.15162,2.19327,2.24665,2.39684,2.52351,2.70492,2.76088,2.89645,3.09465,3.27261,3.49735,3.74783,4.12925,4.53008,4.95104,5.64641,6.17935,6.43173,6.91409,7.54809,8.18995,8.92705,9.59657,10.14358
NLD.1.0.99.0.UWCD,NLD,1.0,0.0,99.0,0.0,UWCD,Netherlands,01 Compensation of employees,Compensation of employees: total economy ,Mrd ECU/EUR,5.669,6.4083,7.0886,7.9074,9.4367,10.6914,12.0281,13.189,15.0526,17.5537,20.1001,23.3704,26.5928,32.362,40.6614,46.5455,54.8757,63.3279,69.8666,75.3731,79.7294,81.091,88.7073,92.5925,93.5322,97.5647,106.4498,113.2337,116.3558,119.9325,128.715,136.7889,147.1525,158.2469,163.3681,173.8265,177.1234,181.0507,193.2672,209.646,226.797,239.194,251.188,257.981,261.726,265.911,274.752,290.622,307.808,312.32,311.9,319.887,324.274,325.151,328.743,330.994,342.642,354.478,372.9,393.062,406.33,423.799,454.769,489.593,523.8645,550.0577,572.06
AUT.1.0.99.0.UWCD,AUT,1.0,0.0,99.0,0.0,UWCD,Austria,01 Compensation of employees,Compensation of employees: total economy ,Mrd ECU/EUR,2.7868,3.0737,3.3395,3.5975,3.9595,4.3601,4.8052,5.2265,5.7344,6.2943,6.8889,8.0826,9.2722,11.6747,14.9804,17.0895,20.244,23.7355,26.5011,28.4428,31.2553,34.1165,37.7746,40.9272,43.7199,46.5314,51.5488,55.0479,57.1185,60.7598,66.0626,71.6726,77.6396,84.4825,88.6861,94.3183,93.7035,92.6383,95.8952,100.1176,103.6259,105.8566,107.8192,110.2441,112.9958,116.6014,122.2118,128.3535,135.556,136.2474,138.8937,144.4081,150.282,154.5017,158.71,163.6314,170.0109,175.9659,184.9181,192.6681,192.0839,201.4164,217.424,234.8295,252.4417,262.0345,271.2057
POL.1.0.99.0.UWCD,POL,1.0,0.0,99.0,0.0,UWCD,Poland,01 Compensation of employees,Compensation of employees: total economy ,Mrd ECU/EUR,,,,,,,,,,,,,,,,,,,,,,,,,,,,,,,,17.4811,18.9127,33.734,36.9787,43.3898,51.8926,59.3837,65.9944,67.3792,76.8206,89.3801,84.417,75.3222,76.4972,91.0489,101.05,116.191,142.0948,119.8727,138.1168,142.2524,145.8909,148.2777,155.4928,161.835,165.1998,181.9276,196.9614,212.9368,215.3392,225.9268,250.0256,290.9033,342.9132,363.0342,383.5457
PRT.1.0.99.0.UWCD,PRT,1.0,0.0,99.0,0.0,UWCD,Portugal,01 Compensation of employees,Compensation of employees: total economy ,Mrd ECU/EUR,1.5312,1.6528,1.7543,1.9207,2.1088,2.3657,2.6302,3.0443,3.4222,3.8378,4.4506,5.0743,5.7826,6.8905,9.1579,11.3237,12.3003,11.1398,10.1837,10.0364,12.3072,15.3729,16.7364,15.7514,15.0796,16.1253,17.129,18.2267,20.2974,24.178,27.577,33.3891,40.0474,39.4131,38.9054,42.5919,45.8396,49.0597,52.7876,57.0795,61.8204,65.3948,68.4224,69.8321,72.3617,75.7815,77.8954,81.0652,83.6769,83.6551,85.2091,82.0251,75.7441,76.6033,76.7072,78.6462,81.2941,85.9003,91.5219,96.9575,96.895,103.7562,113.6042,126.2311,136.0771,142.3367,148.4572
ROM.1.0.99.0.UWCD,ROM,1.0,0.0,99.0,0.0,UWCD,Romania,01 Compensation of employees,Compensation of employees: total economy ,Mrd ECU/EUR,,,,,,,,,,,,,,,,,,,,,,,,,,,,,,,10.7398,7.358,4.0473,9.1239,9.2605,10.3212,10.5212,9.7047,14.1085,11.6347,15.9994,18.7202,19.2428,19.6205,22.4739,31.2064,37.5771,43.3002,53.1481,42.8368,42.9657,43.5488,43.2597,45.6887,49.0567,51.4099,59.8906,69.5377,78.3349,86.5517,86.9567,91.3023,105.171,122.2606,140.0615,154.9206,170.1028
SVN.1.0.99.0.UWCD,SVN,1.0,0.0,99.0,0.0,UWCD,Slovenia,01 Compensation of employees,Compensation of employees: total economy ,Mrd ECU/EUR,,,,,,,,,,,,,,,,,,,,,,,,,,,,,,,,5.94566,6.1871,6.48588,7.01198,8.77176,8.84957,9.22264,9.76387,10.27749,10.91108,11.66892,12.35929,12.91171,13.67982,14.45094,15.4776,17.00481,18.72646,18.58058,18.81571,18.70908,18.27554,17.86172,18.19752,18.71256,19.74067,21.01133,22.58436,24.39165,25.11432,27.42483,29.53447,32.71387,35.0523,37.22044,39.11387
SVK.1.0.99.0.UWCD,SVK,1.0,0.0,99.0,0.0,UWCD,Slovakia,01 Compensation of employees,Compensation of employees: total economy ,Mrd ECU/EUR,,,,,,,,,,,,,,,,,,,,,,,,,,,,,,,,,,4.71411,5.1699,6.10813,7.00859,8.19724,8.58429,7.92274,9.09122,9.46516,10.4003,11.56002,12.57171,14.28923,16.30455,19.88269,23.3769,24.06988,25.00679,26.17145,26.97168,27.54448,28.68766,30.44304,32.00426,34.55409,37.44904,40.29554,41.0527,43.45733,46.76498,51.42653,54.92353,58.16402,61.30488
FIN.1.0.99.0.UWCD,FIN,1.0,0.0,99.0,0.0,UWCD,Finland,01 Compensation of employees,Compensation of employees: total economy ,Mrd ECU/EUR,2.1831,2.4067,2.6893,2.9972,3.5104,3.9281,4.323,4.4109,4.188,4.6875,5.3088,5.9706,6.5884,7.9368,10.4009,13.0072,15.8552,16.0733,14.858,16.7254,20.1472,25.1495,28.3592,29.8959,34.8739,39.1088,39.5474,42.34,47.9653,56.2252,59.7617,58.1321,47.3648,38.8654,42.7949,49.3246,50.3505,52.5928,55.7581,59.464,63.299,66.893,69.012,70.68,73.624,77.395,81.338,85.895,91.57,90.508,92.596,97.076,100.257,101.098,101.375,102.572,104.283,105.061,109.146,112.627,110.869,118.106,126.139,132.399,132.4862,136.9848,141.4229
SWE.1.0.99.0.UWCD,SWE,1.0,0.0,99.0,0.0,UWCD,Sweden,01 Compensation of employees,Compensation of employees: total economy ,Mrd ECU/EUR,6.4058,7.0136,7.8384,8.6719,9.6391,10.6778,11.8739,12.9133,14.402,15.7964,17.6833,19.0425,20.9526,22.3865,26.5784,32.4409,40.6564,43.461,43.0874,46.3696,52.029,58.8519,57.736,56.1244,64.5403,70.9277,71.7998,74.302,81.4565,93.1121,100.1266,105.6156,105.0757,83.9452,87.7958,89.6477,104.1586,107.0972,104.1815,111.8572,128.5071,125.4396,131.0806,136.1302,140.5854,142.9416,150.4949,162.5463,164.3901,148.7555,170.8684,191.1553,206.5062,214.0667,211.4915,214.7317,222.4253,229.195,227.7312,228.7053,233.3724,256.3983,259.3683,256.3372,268.5591,278.7165,289.5864
GBR.1.0.99.0.UWCD,GBR,1.0,0.0,99.0,0.0,UWCD,United Kingdom,01 Compensation of employees,Compensation of employees: total economy ,Mrd ECU/EUR,40.048,42.857,45.102,47.435,51.426,55.546,59.545,61.141,59.156,63.685,71.476,77.917,84.029,87.05,102.532,122.076,125.164,131.938,148.234,178.523,229.229,269.3,281.955,288.33,306.261,331.709,313.606,322.488,381.217,419.942,437.307,474.451,466.371,454.768,473.424,463.342,494.367,629.585,676.716,751.197,872.132,909.86,921.764,882.737,961.975,1010.351,1072.568,1140.007,999.336,883.402,940.411,949.673,1035.638,1027.868,1110.079,1273.734,1173.441,1139.961,1177.742,1238.979,1228.462,1343.352,1458.553,1545.006,1661.381,1746.883,1792.301
MNE.1.0.99.0.UWCD,MNE,1.0,0.0,99.0,0.0,UWCD,Montenegro,01 Compensation of employees,Compensation of employees: total economy ,Mrd ECU/EUR,,,,,,,,,,,,,,,,,,,,,,,,,,,,,,,,,,,,,,,,,,,,,,,0.82991,0.94288,1.17015,1.22988,1.31066,1.37016,1.3561,1.17551,1.32579,1.39457,1.54697,1.70086,1.86389,1.97127,1.87926,2.01079,2.37712,2.90053,,,
MKD.1.0.99.0.UWCD,MKD,1.0,0.0,99.0,0.0,UWCD,North Macedonia,01 Compensation of employees,Compensation of employees: total economy ,Mrd ECU/EUR,,,,,,,,,,,,,,,,,,,,,,,,,,,,,,,,,,,,,,1.62625,1.608217,1.727698,1.761017,1.709255,1.714224,1.795126,1.754188,1.727295,1.925589,1.938295,2.27771,2.430472,2.542859,2.632922,2.652328,2.596525,2.861143,3.005552,3.277845,3.513829,3.724455,3.987106,4.214402,4.505168,5.020634,,,,
SRB.1.0.99.0.UWCD,SRB,1.0,0.0,99.0,0.0,UWCD,Serbia,01 Compensation of employees,Compensation of employees: total economy ,Mrd ECU/EUR,,,,,,,,,,,,,,,,,,,,,,,,,,,,,,,,,,,,,,6.28969,4.79812,4.95976,2.11681,4.38508,6.3349,7.16658,7.89729,8.44042,9.9349,12.45078,14.37163,13.06359,12.2973,13.46325,13.35235,13.80994,13.4622,13.33649,13.79055,14.93037,16.8019,18.7575,20.76073,23.47942,26.93013,31.43014,36.1928,39.62088,42.73915
TUR.1.0.99.0.UWCD,TUR,1.0,0.0,99.0,0.0,UWCD,Turkey,01 Compensation of employees,Compensation of employees: total economy ,Mrd ECU/EUR,4.908,5.1186,5.9287,6.8528,7.2829,7.7246,9.2485,10.2008,11.162,12.742,12.5049,9.1429,9.0283,8.2223,8.5602,16.0038,15.9806,20.9563,18.575,27.1986,18.7076,21.3723,20.0436,23.0471,24.8072,21.6437,19.6505,19.8816,23.887,30.8097,46.0173,55.8398,55.5674,68.0853,39.8399,41.1892,49.0785,62.0448,64.8726,66.6057,79.745,55.7732,62.8003,70.0455,81.5853,100.8135,108.8385,126.9636,134.8453,124.3558,157.3873,158.9047,189.57,199.8621,203.1855,225.9918,251.3136,229.8229,197.8078,212.425,183.5728,187.6093,203.781,297.4149,465.0431,744.5599,894.6718
ISL.1.0.99.0.UWCD,ISL,1.0,0.0,99.0,0.0,UWCD,Iceland,01 Compensation of employees,Compensation of employees: total economy ,Mrd ECU/EUR,0.11872,0.12421,0.13512,0.16346,0.21794,0.25718,0.30513,0.29843,0.22727,0.20062,0.25188,0.32024,0.36439,0.45915,0.63677,0.53763,0.68262,0.90316,0.9437,1.02741,1.18121,1.51742,1.59047,1.36672,1.5694,1.80893,1.87461,2.5082,2.73072,2.48465,2.38978,2.78903,2.76228,2.59053,2.56768,2.67581,2.89739,3.23363,3.77964,4.38429,5.16423,4.7475,5.15822,5.43518,5.91525,7.40494,7.72882,8.83757,5.59555,4.26078,4.78696,5.25463,5.62078,6.02375,6.72599,7.91005,9.69661,11.82537,12.29208,11.79743,10.14415,11.56835,14.2737,15.26877,15.71992,16.13621,16.54964
NOR.1.0.99.0.UWCD,NOR,1.0,0.0,99.0,0.0,UWCD,Norway,01 Compensation of employees,Compensation of employees: total economy ,Mrd ECU/EUR,2.2539,2.4358,2.7267,2.9491,3.2012,3.5273,3.892,4.3981,4.9266,5.3779,5.9815,6.8882,7.7435,9.0857,11.3495,13.6498,16.9291,19.2753,19.3014,19.3902,22.0165,26.8143,30.2898,31.9109,35.2697,38.5479,38.9124,41.0318,43.9242,45.0731,44.7406,46.4339,48.0921,47.7354,49.7763,53.3755,57.8316,64.111,66.7938,72.6997,78.7326,84.2524,94.6494,91.2565,91.5649,101.7043,110.5954,123.0686,131.7537,127.796,143.7329,157.0511,174.8696,177.1565,172.6327,166.0233,162.5686,167.2284,170.7562,175.9448,162.0352,181.4699,197.6664,188.6304,195.9494,203.1821,212.8959
CHE.1.0.99.0.UWCD,CHE,1.0,0.0,99.0,0.0,UWCD,Switzerland,01 Compensation of employees,Compensation of employees: total economy ,Mrd ECU/EUR,4.3646,4.8951,5.4786,6.1168,6.7984,7.3802,7.8631,8.5793,9.4787,10.2775,11.564,13.8764,15.9454,19.9789,25.1054,27.725,31.9566,33.3645,42.2786,44.4046,46.8498,54.0192,63.8208,70.8669,74.4434,78.65,88.1341,94.935,100.3047,103.3508,115.1693,122.9364,123.7115,131.5445,141.2122,151.6167,149.8347,144.6046,149.1453,154.1681,164.7541,179.5701,190.1832,184.0575,183.0051,188.0383,192.2774,194.1359,210.7699,226.6843,250.1218,290.6992,304.9185,305.5048,314.5162,364.4256,361.338,359.2381,353.4168,377.7242,387.6706,400.7374,455.6738,487.3284,509.6359,528.98,544.3226
AUS.1.0.99.0.UWCD,AUS,1.0,0.0,99.0,0.0,UWCD,Australia,01 Compensation of employees,Compensation of employees: total economy ,Mrd ECU/EUR,8.8977,9.0881,9.6096,10.5089,11.7997,12.7885,13.9939,15.3208,17.543,19.8692,22.8178,25.1622,27.5945,36.6593,48.9343,49.9409,58.3638,56.8621,56.4776,57.0843,70.4187,99.3901,107.7077,111.4138,134.8447,121.8409,97.8194,96.5046,117.3828,143.2226,127.1989,132.119,123.5754,132.1648,148.742,146.6942,170.8057,189.2594,172.222,196.4859,218.0841,210.6998,222.8913,237.8856,263.1629,292.0853,312.5771,347.0035,338.7663,345.9078,463.4803,529.5868,594.7338,554.6604,534.2985,549.1429,559.5586,592.7115,581.9896,594.0488,602.3063,679.0991,776.5919,,,,
CAN.1.0.99.0.UWCD,CAN,1.0,0.0,99.0,0.0,UWCD,Canada,01 Compensation of employees,Compensation of employees: total economy ,Mrd ECU/EUR,38.029,37.904,38.506,40.681,44.465,49.548,56.052,62.299,70.093,78.9,88.254,97.936,104.727,108.756,135.879,150.815,195.542,196.646,178.636,181.887,203.034,,,,,,,,,,,268.063,248.47,262.538,250.899,234.634,249.35,290.8,288.861,320.157,402.765,414.602,402.445,392.752,406.221,459.615,518.557,534.068,525.661,512.363,613.639,641.7,719.05,702.425,681.016,723.865,700.251,730.484,736.873,790.846,758.832,856.454,1012.493,1012.049,,,
JPN.1.0.99.0.UWCD,JPN,1.0,0.0,99.0,0.0,UWCD,Japan,01 Compensation of employees,Compensation of employees: total economy ,Mrd ECU/EUR,16.686,19.549,23.282,27.168,31.781,37.014,42.838,49.466,59.663,70.678,85.214,102.196,127.417,162.839,202.642,222.352,273.16,330.493,408.906,392.876,406.947,565.713,602.363,729.767,869.647,942.48,1075.038,1101.863,1282.525,1369.904,1225.896,1460.822,1529.098,1971.182,2156.187,2161.942,1959.399,2032.593,1874.391,2218.299,2711.849,2451.916,2179.437,1947.608,1903.026,1903.34,1815.274,1652.591,1749.161,1946.196,2159.727,2266.197,2453.991,1952.776,1834.617,1939.521,2223.787,2146.553,2156.781,2350.582,2323.257,2222.663,2140.976,2008.803,1936.863,1992.711,2042.529
KOR.1.0.99.0.UWCD,KOR,1.0,0.0,99.0,0.0,UWCD,Korea,01 Compensation of employees,Compensation of employees: total economy ,Mrd ECU/EUR,,,,,,,,,,,2.9635,3.1941,3.2044,3.7597,5.1334,5.6287,8.8415,11.7244,14.9827,18.6415,19.6462,26.1504,31.8044,42.4758,54.961,45.2106,43.0373,45.5116,70.0191,88.8816,90.9658,111.2971,132.1181,158.6412,168.8403,196.3569,226.5771,230.2575,147.2553,194.386,259.0719,258.0762,279.91,266.2455,273.2069,327.4476,370.1246,375.5363,315.1329,297.0093,367.1805,389.582,435.1395,457.1428,502.3017,597.0446,612.2116,645.7208,668.2814,699.76,695.2968,725.8686,758.3286,,,,
NZL.1.0.99.0.UWCD,NZL,1.0,0.0,99.0,0.0,UWCD,New Zealand,01 Compensation of employees,Compensation of employees: total economy ,Mrd ECU/EUR,1.6092,1.6962,1.7843,1.9172,2.1236,2.3325,2.5184,2.5858,2.3167,2.5908,3.1214,3.661,4.0455,4.9375,6.2756,6.031,6.2439,6.8469,7.6109,8.1327,9.6131,12.5492,13.1616,13.1468,13.8726,14.779,14.3322,15.4788,17.4671,17.6108,15.4087,15.1883,13.768,16.0522,18.5245,19.7299,22.726,25.4874,21.3235,22.7432,23.729,24.2817,27.0702,30.5441,34.3534,39.4665,38.4289,43.367,40.9755,38.7962,48.3371,52.4452,59.9059,60.9377,65.2538,69.0117,72.8323,77.2527,76.5122,82.0241,82.2598,94.6932,104.0354,,,,
USA.1.0.99.0.UWCD,USA,1.0,0.0,99.0,0.0,UWCD,United States,01 Compensation of employees,Compensation of employees: total economy ,Mrd ECU/EUR,285.4,290.97,310.61,327.6,351.49,378.96,419.91,452.43,515.84,571.75,609.77,634.66,651.94,659.8,744.31,763.46,937.69,1021.7,1033.56,1077.95,1165.2,1605.7,1932.37,2260.86,2808.6,3128.79,2584.77,2359.38,2493.79,2850.82,2624.94,2786.78,2828.14,3262.69,3371.28,3212.65,3481.84,4156.13,4527.47,5076.05,6338.84,6750.94,6496.97,5624.57,5409.83,5689.07,5966.28,5756.65,5486.08,5568.75,5983.91,5915.43,6674.54,6658.77,6970.0,8751.17,9013.52,9237.1,9287.14,10235.58,10159.41,10629.4,12790.82,13141.57,13675.99,14217.68,14768.24
EU27.1.0.212.0.UWCD,EU27,1.0,0.0,212.0,0.0,UWCD,European Union,01 Compensation of employees,Compensation of employees: total economy ,"Mrd PPS, Standard aggregation",,,,,,,,,,,,,,,,,,,,,,,,,,,,,,,,,,,,2987.851,3132.333,3201.39,3313.326,3478.685,3692.846,3858.587,3997.23,4096.658,4224.232,4397.317,4604.731,4849.065,5105.763,5011.489,5134.687,5263.6,5322.742,5389.359,5506.082,5661.965,5853.268,6108.147,6375.698,6634.266,6533.435,6938.605,7437.846,7983.645,8471.347,8817.675,9142.123
EU15.1.0.212.0.UWCD,EU15,1.0,0.0,212.0,0.0,UWCD,European Union (15 countries),01 Compensation of employees,Compensation of employees: total economy ,"Mrd PPS, Standard aggregation",,,,,,,,,,,,,,,,,,,,,,,,,,,,,,,,3059.987,3199.086,3192.694,3271.093,3140.334,3287.261,3385.153,3489.647,3688.503,3938.606,4122.648,4260.804,4370.46,4528.581,4692.086,4899.526,5132.533,5330.844,5218.775,5344.384,5453.934,5508.283,5586.319,5689.187,5857.009,6010.914,6237.07,6465.028,6684.228,6579.485,6988.667,7465.437,7973.188,8410.069,8731.253,9015.637
EA19.1.0.212.0.UWCD,EA19,1.0,0.0,212.0,0.0,UWCD,Euro area (19 countries),01 Compensation of employees,Compensation of employees: total economy ,"Mrd PPS, Standard aggregation",,,,,,,,,,,,,,,,,,,,,,,,,,,,,,,,,,,,2613.504,2727.932,2789.17,2880.608,3030.574,3214.03,3347.681,3470.614,3549.372,3648.766,3791.903,3960.961,4153.234,4339.351,4268.364,4358.395,4460.281,4496.61,4550.302,4641.546,4765.736,4908.629,5099.373,5301.497,5496.332,5379.763,5720.035,6136.724,6569.041,6936.378,7199.938,7438.86
EA20.1.0.212.0.UWCD,EA20,1.0,0.0,212.0,0.0,UWCD,Euro area,01 Compensation of employees,Compensation of employees: total economy ,"Mrd PPS, Standard aggregation",,,,,,,,,,,,,,,,,,,,,,,,,,,,,,,,,,,,2627.56,2743.771,2806.299,2898.797,3049.629,3234.118,3367.644,3492.54,3573.017,3673.646,3817.843,3989.22,4184.469,4372.34,4300.484,4389.394,4491.672,4528.139,4581.44,4672.902,4798.078,4941.965,5134.476,5338.733,5534.92,5418.472,5761.182,6181.882,6621.209,6994.165,7261.226,7503.214
EA12.1.0.212.0.UWCD,EA12,1.0,0.0,212.0,0.0,UWCD,Euro area (12 countries),01 Compensation of employees,Compensation of employees: total economy ,"Mrd PPS, Standard aggregation",,,,,,,,,,,,,,,,,,,,,,,,,,,,,,,,2501.429,2623.925,2617.723,2673.234,2564.567,2674.687,2732.396,2820.722,2969.558,3149.967,3279.648,3398.229,3471.722,3566.569,3701.226,3861.972,4042.796,4218.229,4155.423,4243.129,4342.088,4375.629,4426.99,4513.523,4631.006,4768.915,4951.427,5143.306,5325.922,5204.303,5532.788,5937.196,6350.309,6702.348,6955.461,7183.714
DU15.1.0.212.0.UWCD,DU15,1.0,0.0,212.0,0.0,UWCD,EU15 (including D_W West-Germany),01 Compensation of employees,Compensation of employees: total economy ,"Mrd PPS, Standard aggregation",144.885,160.008,176.882,196.198,217.706,238.414,259.063,274.91,297.977,332.13,382.531,431.556,485.083,564.233,670.124,779.73,886.154,977.748,1068.135,1205.308,1365.768,1512.586,1631.839,1711.975,1823.95,1944.496,2035.031,2140.844,2311.091,2518.082,2740.247,2951.963,,,,,,,,,,,,,,,,,,,,,,,,,,,,,,,,,,,
DA12.1.0.212.0.UWCD,DA12,1.0,0.0,212.0,0.0,UWCD,EA12 (including D_W West-Germany),01 Compensation of employees,Compensation of employees: total economy ,"Mrd PPS, Standard aggregation",101.84,113.326,126.977,142.222,158.467,174.88,191.492,204.013,222.606,251.629,293.592,334.723,377.738,440.59,525.136,609.706,699.589,780.155,853.462,964.323,1098.846,1226.181,1325.481,1387.304,1474.068,1567.962,1635.046,1720.975,1852.194,2017.649,2204.574,2393.405,,,,,,,,,,,,,,,,,,,,,,,,,,,,,,,,,,,
BEL.1.0.212.0.UWCD,BEL,1.0,0.0,212.0,0.0,UWCD,Belgium,01 Compensation of employees,Compensation of employees: total economy ,(Mrd PPS) ,4.0372,4.3274,4.8686,5.4134,6.0903,6.6959,7.3319,7.8428,8.3642,9.3899,10.7944,12.5542,14.5461,17.1295,21.0185,24.2824,28.5605,31.0645,34.1412,38.1116,45.2139,49.7313,52.8459,54.7883,59.0152,62.202,64.902,66.9706,71.4952,77.2994,84.7109,92.8484,96.9258,96.9007,100.3299,96.407,99.2288,101.8128,103.9451,110.3378,118.6722,125.8853,133.2945,135.5985,136.9175,141.4382,146.7711,152.8317,160.7947,160.8231,167.2693,173.1341,179.5121,182.3818,184.8004,187.1617,188.8167,194.4102,200.5959,207.6872,205.9414,219.4918,240.6097,260.9098,270.9248,279.8091,288.2635
BGR.1.0.212.0.UWCD,BGR,1.0,0.0,212.0,0.0,UWCD,Bulgaria,01 Compensation of employees,Compensation of employees: total economy ,(Mrd PPS) ,,,,,,,,,,,,,,,,,,,,,,,,,,,,,,,,,,,,16.2311,14.5992,12.54257,14.81064,14.87757,15.45071,16.44934,17.2491,18.60677,19.49881,21.5641,22.38635,24.57223,27.97736,28.16659,30.37876,30.36017,32.20474,34.4973,37.12632,38.70903,41.00048,44.30388,48.0939,50.39605,51.63088,56.28197,59.65841,68.56631,76.88452,85.32395,91.94285
CZE.1.0.212.0.UWCD,CZE,1.0,0.0,212.0,0.0,UWCD,Czechia,01 Compensation of employees,Compensation of employees: total economy ,(Mrd PPS) ,,,,,,,,,,,,,,,,,,,,,,,,,,,,,,,,,,44.3436,48.3472,47.3074,51.9981,52.599,50.7457,51.6249,54.282,58.5028,61.5661,66.3536,70.3535,74.8583,78.7659,85.8587,92.6349,89.1684,90.7704,93.6666,95.3703,97.7924,101.3489,104.9565,110.4202,120.5406,131.1528,138.6681,137.9508,147.738,153.0363,162.7981,171.7536,183.283,193.3459
DNK.1.0.212.0.UWCD,DNK,1.0,0.0,212.0,0.0,UWCD,Denmark,01 Compensation of employees,Compensation of employees: total economy ,(Mrd PPS) ,2.4328,2.7775,3.0756,3.2075,3.6329,4.0955,4.4442,4.8977,5.3292,5.9889,6.6865,7.544,8.1069,9.2295,10.8938,12.2459,14.0806,15.4326,16.7461,19.1526,21.6152,23.3544,26.0724,27.857,30.102,32.7248,35.4616,37.7638,40.1076,42.1347,44.7826,47.2317,49.1257,49.3573,51.0583,49.7746,53.1387,55.0835,58.1788,60.7102,63.4575,66.3685,69.1529,70.3722,73.6951,76.4694,81.3391,87.2423,92.8166,92.4166,95.1146,96.4951,95.4336,97.5742,99.3074,103.0375,106.0844,111.5881,115.7147,118.7063,121.4702,129.3242,137.8131,146.4802,156.2166,163.2184,169.69
DEU.1.0.212.0.UWCD,DEU,1.0,0.0,212.0,0.0,UWCD,Germany,01 Compensation of employees,Compensation of employees: total economy ,(Mrd PPS) ,,,,,,,,,,,,,,,,,,,,,,,,,,,,,,,,838.536,888.622,881.86,904.441,871.505,899.311,893.172,911.239,955.456,999.484,1025.979,1041.611,1068.711,1093.409,1096.668,1116.592,1154.437,1202.949,1190.802,1238.274,1297.646,1340.282,1370.839,1427.919,1472.944,1529.809,1597.706,1674.409,1720.659,1711.667,1763.479,1861.336,1977.869,2084.031,2151.302,2211.993
D_W.1.0.212.0.UWCD,D_W,1.0,0.0,212.0,0.0,UWCD,West Germany,01 Compensation of employees,Compensation of employees: total economy ,(Mrd PPS) ,34.5817,38.5348,42.6987,46.2697,51.3138,57.3798,62.1327,62.9386,68.0625,77.4621,91.5476,103.2125,116.31,135.8868,159.0854,178.2119,204.745,229.6852,252.2644,286.8555,328.9498,366.1853,391.3247,408.2888,441.0723,470.6067,495.3982,522.9006,560.8329,602.502,659.0702,730.5125,,,,,,,,,,,,,,,,,,,,,,,,,,,,,,,,,,,
EST.1.0.212.0.UWCD,EST,1.0,0.0,212.0,0.0,UWCD,Estonia,01 Compensation of employees,Compensation of employees: total economy ,(Mrd PPS) ,,,,,,,,,,,,,,,,,,,,,,,,,,,,,,,,,,3.66967,4.00632,3.94544,4.06035,4.42057,4.57692,4.46405,4.93265,5.26295,5.77461,6.50747,7.06317,8.00941,9.00779,10.51632,11.66817,10.29272,10.1442,10.85411,11.33363,11.78664,12.47291,13.05569,13.66,14.53312,15.6875,16.7082,17.12813,18.1067,19.10493,21.11441,21.62838,22.17062,22.92783
IRL.1.0.212.0.UWCD,IRL,1.0,0.0,212.0,0.0,UWCD,Ireland,01 Compensation of employees,Compensation of employees: total economy ,(Mrd PPS) ,0.8337,0.92,1.0114,1.1046,1.2204,1.301,1.4063,1.5224,1.6874,1.8843,2.1479,2.4108,2.6402,3.0426,3.9427,4.7555,5.1323,5.7652,6.6252,7.9143,9.532,10.6321,11.4088,11.8052,12.7692,13.622,14.1777,14.9215,16.0063,17.1696,19.4741,21.3043,22.8713,23.5351,25.0563,25.0554,27.382,29.1566,31.5581,33.7123,36.9009,40.0455,41.9141,44.7196,48.9642,53.5659,59.2048,65.7815,67.2312,62.3468,62.0499,64.0188,64.7641,65.1649,66.6684,71.9053,75.5368,79.8842,84.1288,87.0187,87.4021,97.862,108.2185,118.7258,126.8813,134.7716,142.7908
GRC.1.0.212.0.UWCD,GRC,1.0,0.0,212.0,0.0,UWCD,Greece,01 Compensation of employees,Compensation of employees: total economy ,(Mrd PPS) ,1.278,1.4236,1.5442,1.7395,2.0063,2.3218,2.6348,2.97,3.3755,3.8537,4.4436,5.1892,6.0801,6.6284,7.487,9.2326,11.0328,13.0478,15.1691,17.299,19.4356,21.8923,23.9841,25.12,26.7189,29.3198,28.5156,28.4679,31.5248,36.6673,38.6141,38.6438,38.7395,38.186,39.4878,39.2264,41.2407,44.5077,47.4843,49.9871,53.2641,57.2439,65.56,69.8278,73.9848,77.5052,82.6469,85.2182,89.5606,89.5611,84.9542,78.2503,73.7608,71.7806,74.0125,73.5331,74.9808,76.5379,79.661,82.0046,78.6526,85.0155,89.712,93.8915,98.6533,102.5658,106.3783
ESP.1.0.212.0.UWCD,ESP,1.0,0.0,212.0,0.0,UWCD,Spain,01 Compensation of employees,Compensation of employees: total economy ,(Mrd PPS) ,7.8018,8.9467,10.2146,11.923,13.4082,15.1439,17.4094,19.172,20.5959,23.6067,27.0186,31.0706,36.9505,43.9554,53.4031,63.1302,73.2007,81.1397,87.8589,95.9406,106.6186,117.7361,127.1395,134.8637,137.9125,144.5053,151.9669,164.9392,182.6918,204.7318,230.2395,253.7678,266.1986,267.2239,270.5105,258.5409,272.6141,291.0072,310.9043,328.2967,355.0465,373.0619,396.1147,411.0009,432.8012,463.5192,509.8313,548.9406,582.9183,558.7438,550.5934,538.1814,514.2371,502.9061,515.4172,537.6089,549.1501,575.0581,590.9748,630.6235,591.9835,644.7504,703.6439,782.0926,837.3415,880.4358,918.3925
FRA.1.0.212.0.UWCD,FRA,1.0,0.0,212.0,0.0,UWCD,France,01 Compensation of employees,Compensation of employees: total economy ,(Mrd PPS) ,20.444,22.872,25.659,28.946,32.375,35.473,38.615,41.727,46.365,52.05,60.153,68.576,76.26,88.641,107.692,126.555,145.911,164.495,181.571,204.955,234.844,264.387,293.141,308.399,328.134,345.298,355.429,370.384,397.172,432.681,470.18,502.023,525.153,528.905,544.253,527.083,550.273,564.586,586.71,622.204,668.584,709.697,740.764,739.875,757.568,803.762,832.952,865.743,883.411,881.045,914.585,942.73,952.301,985.292,1000.143,1016.346,1037.473,1072.272,1104.74,1145.084,1101.417,1182.083,1268.461,1348.585,1407.34,1450.455,1490.846
HRV.1.0.212.0.UWCD,HRV,1.0,0.0,212.0,0.0,UWCD,Croatia,01 Compensation of employees,Compensation of employees: total economy ,(Mrd PPS) ,,,,,,,,,,,,,,,,,,,,,,,,,,,,,,,,,,,,14.05611,15.83812,17.1287,18.18839,19.05418,20.08814,19.96304,21.92553,23.64446,24.88,25.93988,28.25867,31.23522,32.98862,32.12022,30.99854,31.39101,31.52885,31.13815,31.35603,32.34194,33.33578,35.10295,37.23569,38.58799,38.70855,41.14714,45.1585,52.1679,57.78752,61.2879,64.35357
ITA.1.0.212.0.UWCD,ITA,1.0,0.0,212.0,0.0,UWCD,Italy,01 Compensation of employees,Compensation of employees: total economy ,(Mrd PPS) ,18.949,20.9283,24.0563,28.0838,30.7901,33.0213,35.8728,39.6777,43.88,49.0815,57.7679,66.1363,73.8559,85.7293,101.0555,117.5748,134.7018,148.8238,160.4758,183.81,207.7693,234.3822,250.9114,261.9372,278.9759,298.2712,307.6697,321.101,344.8231,374.9829,404.3827,431.0281,444.2032,437.8084,439.6437,410.3955,431.3908,442.8477,441.1699,455.0629,471.1577,488.0489,501.3062,516.6625,521.2084,542.8622,572.1085,599.9596,630.4843,619.1826,626.7115,637.5323,632.1817,620.7949,616.2604,632.0263,659.6449,679.7696,700.3956,722.3133,684.9099,754.0056,816.907,853.7283,915.3745,954.7736,985.9291
CYP.1.0.212.0.UWCD,CYP,1.0,0.0,212.0,0.0,UWCD,Cyprus,01 Compensation of employees,Compensation of employees: total economy ,(Mrd PPS) ,,,,,,,,,,,,,,,,,,,,,,,,,,,,,,,,,,,,3.75929,3.98258,4.16635,4.28956,4.5309,4.87742,5.21805,5.58279,5.98146,6.3661,7.23536,7.76312,8.6806,9.37231,9.88069,10.00787,10.18787,9.82737,8.79203,8.33159,8.59737,9.18877,9.87028,10.57687,11.70183,11.67268,12.59462,14.02159,15.18464,16.18816,16.89357,17.53605
LVA.1.0.212.0.UWCD,LVA,1.0,0.0,212.0,0.0,UWCD,Latvia,01 Compensation of employees,Compensation of employees: total economy ,(Mrd PPS) ,,,,,,,,,,,,,,,,,,,,,,,,,,,,,,,8.26123,6.74109,4.12595,4.63921,4.68954,4.71784,5.38108,5.66587,5.92739,6.33055,6.53575,7.0311,7.30287,7.97141,8.66269,10.2269,11.50548,13.93854,15.84609,12.81314,11.98311,12.01663,12.76869,13.66102,14.54304,15.74226,16.57064,17.67511,19.20233,20.24125,20.42191,20.79822,22.33606,25.65215,28.05473,29.01186,30.0174
LTU.1.0.212.0.UWCD,LTU,1.0,0.0,212.0,0.0,UWCD,Lithuania,01 Compensation of employees,Compensation of employees: total economy ,(Mrd PPS) ,,,,,,,,,,,,,,,,,,,,,,,,,,,,,,,,12.8849,8.5943,7.61047,7.24962,6.73881,7.40535,8.18332,9.53456,9.88325,9.6065,10.26276,11.32222,13.09655,14.42649,16.03754,18.31048,20.70187,22.60456,19.28801,19.28075,20.26084,21.16488,22.38119,23.67319,25.25112,26.95266,28.79634,30.94468,34.10319,35.11164,39.14569,41.76861,46.33602,50.69909,53.38072,55.97157
LUX.1.0.212.0.UWCD,LUX,1.0,0.0,212.0,0.0,UWCD,Luxembourg,01 Compensation of employees,Compensation of employees: total economy ,(Mrd PPS) ,0.19505,0.22041,0.23496,0.25826,0.29894,0.32372,0.34673,0.36433,0.38024,0.41146,0.45472,0.55055,0.62961,0.70176,0.86983,1.14001,1.24365,1.46113,1.5629,1.73983,1.98254,2.24622,2.34918,2.46258,2.70036,2.91692,3.24987,3.56138,3.88893,4.45596,4.98774,5.65633,6.14064,6.27,6.58223,6.32331,6.73078,7.05626,7.4924,8.33787,9.26263,10.00032,10.67403,10.95662,11.72394,12.6474,13.74021,14.78522,16.00919,15.91039,16.13729,17.37856,17.8383,18.52802,19.48997,20.44511,21.19695,22.48182,23.73098,24.57014,24.58155,26.86366,29.25858,31.66085,32.63272,34.079,35.53928
HUN.1.0.212.0.UWCD,HUN,1.0,0.0,212.0,0.0,UWCD,Hungary,01 Compensation of employees,Compensation of employees: total economy ,(Mrd PPS) ,,,,,,,,,,,,,,,,,,,,,,,,,,,,,,,,,41.496,40.7948,40.3739,35.797,36.264,37.3554,39.0627,40.1222,44.6078,49.9751,53.3817,58.5589,61.0201,65.2223,67.0736,69.18,73.0652,70.3511,71.9059,74.729,76.1139,76.8833,77.5116,79.428,82.0228,85.4212,89.404,94.5492,92.2993,96.1488,105.6495,113.0373,123.0385,130.5607,138.7492
MLT.1.0.212.0.UWCD,MLT,1.0,0.0,212.0,0.0,UWCD,Malta,01 Compensation of employees,Compensation of employees: total economy ,(Mrd PPS) ,,,,,,,,,,,,,,,,,,,,,,,,,,,,,,,,1.60614,1.72785,1.88443,1.98699,2.01868,2.225,2.2917,2.37659,2.4859,2.5845,2.73416,2.85108,3.05577,3.1553,3.21766,3.33377,3.50787,3.67268,3.66191,3.82934,4.01663,4.1687,4.37147,4.58128,4.95088,5.3976,5.79918,6.5255,7.13094,7.36876,7.89302,8.4676,9.13501,10.00136,10.73238,11.34485
NLD.1.0.212.0.UWCD,NLD,1.0,0.0,212.0,0.0,UWCD,Netherlands,01 Compensation of employees,Compensation of employees: total economy ,(Mrd PPS) ,6.6976,7.4202,8.1954,9.0923,10.4259,11.6346,12.8481,13.8708,15.1235,17.3416,20.1519,22.7877,25.0699,29.2268,34.1568,40.5085,45.3565,50.7199,55.659,62.6396,69.6837,74.0603,79.036,82.8772,86.2895,93.0401,99.7152,106.5681,113.7158,122.1946,133.6455,144.2597,153.2305,155.8399,159.1624,152.4777,160.9819,167.2428,178.7947,193.3058,211.5972,218.8241,228.5986,228.901,235.5808,242.7859,250.5339,266.8087,281.7636,278.0672,276.4072,285.1221,290.4691,294.0445,291.3321,293.8262,299.2314,311.3016,325.5262,333.1248,347.0756,364.3563,388.7309,414.335,435.035,453.6574,470.5656
AUT.1.0.212.0.UWCD,AUT,1.0,0.0,212.0,0.0,UWCD,Austria,01 Compensation of employees,Compensation of employees: total economy ,(Mrd PPS) ,3.3483,3.6613,3.9969,4.3292,4.8188,5.2474,5.8341,6.3057,6.6966,7.4865,8.3868,9.7693,10.9611,12.9633,15.6607,18.7051,21.4181,24.1856,26.5945,29.7714,33.8295,37.7232,40.4957,42.5497,45.2473,48.7173,51.6296,53.5917,57.3873,62.5579,68.4167,75.0011,79.5233,81.0876,83.968,80.6937,83.0052,83.592,87.0629,90.5602,94.8627,94.9453,98.2392,101.9292,105.1497,108.2956,112.9801,116.753,123.1206,121.967,124.8213,129.4407,136.3964,139.9118,142.4088,147.2882,152.0101,155.9569,163.8182,169.7008,168.3565,178.0307,193.7458,207.3914,220.4475,228.8457,237.2771
POL.1.0.212.0.UWCD,POL,1.0,0.0,212.0,0.0,UWCD,Poland,01 Compensation of employees,Compensation of employees: total economy ,(Mrd PPS) ,,,,,,,,,,,,,,,,,,,,,,,,,,,,,,,,81.2588,96.1667,94.1163,97.3887,99.0213,111.3917,122.0104,129.948,136.9907,139.5568,147.8911,148.3338,150.8082,154.6138,160.6545,169.1456,187.2688,210.2247,209.6254,231.3726,242.4822,251.0041,254.9597,263.8928,275.8348,288.957,305.223,325.5127,350.369,359.8862,377.5208,407.0016,439.9845,487.9874,506.2175,530.1867
PRT.1.0.212.0.UWCD,PRT,1.0,0.0,212.0,0.0,UWCD,Portugal,01 Compensation of employees,Compensation of employees: total economy ,(Mrd PPS) ,1.9168,2.15,2.3442,2.6859,3.0085,3.3175,3.7588,4.1504,4.5122,5.0549,6.0407,7.1013,8.2708,9.4778,12.2983,14.8298,16.1767,16.8914,18.0828,19.7185,22.5044,26.0328,29.5506,29.1787,27.9773,29.2208,30.5086,33.5263,36.0649,41.7744,46.7273,52.7076,58.3196,59.0485,58.036,56.601,60.3593,63.4168,67.2813,72.2054,77.6934,80.6904,83.4665,85.6153,87.4473,93.4487,96.7442,98.9747,102.078,100.7204,103.4973,98.1015,92.3931,94.7435,94.9787,96.6734,98.8288,102.4916,108.6396,114.4995,114.024,121.7046,134.7999,152.6916,163.407,170.533,177.659
ROM.1.0.212.0.UWCD,ROM,1.0,0.0,212.0,0.0,UWCD,Romania,01 Compensation of employees,Compensation of employees: total economy ,(Mrd PPS) ,,,,,,,,,,,,,,,,,,,,,,,,,,,,,,,60.6286,46.2797,40.4691,36.8228,35.4157,37.2269,39.9002,32.4125,39.5248,36.2575,42.9786,49.537,50.4233,51.4172,58.6326,66.0514,75.2715,76.6508,96.9785,87.5318,89.0817,88.7524,91.1088,90.7296,95.954,98.8199,116.9873,135.2429,148.4183,163.1847,166.4431,173.0288,188.1415,215.1776,234.3342,250.4225,266.5808
SVN.1.0.212.0.UWCD,SVN,1.0,0.0,212.0,0.0,UWCD,Slovenia,01 Compensation of employees,Compensation of employees: total economy ,(Mrd PPS) ,,,,,,,,,,,,,,,,,,,,,,,,,,,,,,,12.47987,12.64517,12.49028,12.08876,12.5098,12.18959,12.58951,12.78322,13.06538,13.70714,14.84338,15.68663,16.38145,17.02057,18.34739,19.39491,20.1799,21.30344,22.92955,21.74206,22.32463,22.3441,22.24134,21.83709,22.06077,22.60187,23.762,25.31314,26.97916,29.14849,30.1402,32.43046,34.82564,37.81623,40.53903,42.45735,44.28347
SVK.1.0.212.0.UWCD,SVK,1.0,0.0,212.0,0.0,UWCD,Slovakia,01 Compensation of employees,Compensation of employees: total economy ,(Mrd PPS) ,,,,,,,,,,,,,,,,,,,,,,,,,,,,,,,,,,14.44081,15.02849,15.56711,17.60186,19.26361,20.11545,19.61421,20.68291,21.83776,23.17059,24.01669,24.17549,26.55598,28.88884,31.78896,35.02879,35.26244,37.69613,38.5126,39.47687,40.48242,42.35998,44.5315,44.18234,45.95858,48.27548,51.37561,53.61667,56.27825,59.00294,63.49429,66.91892,69.83023,73.06534
FIN.1.0.212.0.UWCD,FIN,1.0,0.0,212.0,0.0,UWCD,Finland,01 Compensation of employees,Compensation of employees: total economy ,(Mrd PPS) ,1.7571,1.9206,2.1531,2.3764,2.7117,3.0196,3.3016,3.4707,3.5634,4.0069,4.685,5.3647,6.1645,7.2073,8.4668,10.7794,12.1105,12.8757,13.4573,15.5683,18.4828,21.1726,23.2941,25.0337,27.2558,30.2422,31.884,34.0424,36.5905,40.6322,44.1247,45.6526,43.9978,41.0578,41.7631,40.2577,42.1683,43.9976,47.0812,50.0934,53.4415,55.2256,56.6855,57.9252,61.8145,64.7275,67.8675,72.5626,77.9084,76.2528,77.8284,80.5522,81.4933,80.6022,80.0931,81.2473,82.2368,83.5566,86.6862,88.6371,88.2917,95.1457,101.7738,108.4275,110.2803,114.2331,118.0796
SWE.1.0.212.0.UWCD,SWE,1.0,0.0,212.0,0.0,UWCD,Sweden,01 Compensation of employees,Compensation of employees: total economy ,(Mrd PPS) ,4.5035,5.0136,5.6237,6.3037,7.0106,7.6527,8.3032,8.8214,9.5654,10.6247,12.1407,13.2541,14.4024,15.7872,18.9059,22.4297,26.093,28.5709,30.9724,34.5205,39.0246,42.71,45.758,47.0706,50.8098,55.0137,57.7679,61.0128,65.0592,71.4527,77.7281,78.7661,80.0752,75.8156,79.0804,74.9323,81.2707,83.0874,82.2591,88.4736,98.3945,102.2187,104.5833,107.5244,112.7725,114.6533,121.5293,133.8229,139.7254,133.7457,136.6699,145.4423,153.3669,155.4828,158.0387,163.1011,165.831,171.3522,178.6682,183.4727,185.2832,197.3797,204.6628,216.3921,226.9665,237.4231,248.4134
GBR.1.0.212.0.UWCD,GBR,1.0,0.0,212.0,0.0,UWCD,United Kingdom,01 Compensation of employees,Compensation of employees: total economy ,(Mrd PPS) ,36.108,38.892,41.205,44.465,48.595,51.786,54.823,57.178,60.476,63.887,70.112,76.035,84.836,98.627,115.187,135.349,146.391,153.59,166.954,187.311,206.282,220.341,234.528,249.744,268.97,288.795,306.755,321.093,353.731,386.846,413.163,432.56,445.96,449.798,467.72,451.06,478.165,514.587,528.487,569.761,626.787,674.413,688.839,720.841,775.545,799.737,834.686,868.672,880.073,837.19,869.47,869.909,883.854,906.272,918.318,959.865,970.084,1002.703,1027.339,1056.127,1068.428,1129.175,1185.765,1260.007,1324.538,1375.15,1413.82
MNE.1.0.212.0.UWCD,MNE,1.0,0.0,212.0,0.0,UWCD,Montenegro,01 Compensation of employees,Compensation of employees: total economy ,(Mrd PPS) ,,,,,,,,,,,,,,,,,,,,,,,,,,,,,,,,,,,,,,,,,,,,,,,1.956214,2.124734,2.494373,2.498188,2.68116,2.8066,2.708276,2.331,2.626599,2.788163,3.077912,3.328896,3.628038,3.888341,3.742844,3.884098,4.356209,5.099055,,,
MKD.1.0.212.0.UWCD,MKD,1.0,0.0,212.0,0.0,UWCD,North Macedonia,01 Compensation of employees,Compensation of employees: total economy ,(Mrd PPS) ,,,,,,,,,,,,,,,,,,,,,,,,,,,,,,,,,,,,,,4.1141,4.35207,4.59702,4.45455,4.20497,4.28177,4.49289,4.5644,4.49513,4.96036,4.7995,5.62148,6.12532,6.32128,6.25853,6.34195,6.04138,6.65274,6.8488,7.39781,7.83428,8.19706,8.7356,9.19168,9.86689,10.59659,,,,
SRB.1.0.212.0.UWCD,SRB,1.0,0.0,212.0,0.0,UWCD,Serbia,01 Compensation of employees,Compensation of employees: total economy ,(Mrd PPS) ,,,,,,,,,,,,,,,,,,,,,,,,,,,,,,,,,,,,,,,,,10.6619,12.19292,15.47513,16.93329,19.47123,21.2276,23.04741,25.84228,28.99658,27.86959,27.53271,28.16177,29.34055,28.67045,28.42539,28.42149,29.15036,30.49977,32.8611,36.2526,39.21591,42.82486,46.22354,51.30363,58.16298,62.48819,66.03366
TUR.1.0.212.0.UWCD,TUR,1.0,0.0,212.0,0.0,UWCD,Turkey,01 Compensation of employees,Compensation of employees: total economy ,(Mrd PPS) ,7.758,8.104,8.941,10.186,11.02,11.723,13.735,14.571,15.272,17.318,20.368,18.553,17.715,15.869,14.031,26.279,25.075,32.748,31.711,39.525,37.987,40.374,41.701,47.262,50.707,53.996,57.805,69.266,76.782,90.784,117.404,145.487,157.561,166.746,132.695,116.755,138.602,161.125,123.034,126.713,135.233,122.655,125.369,132.358,149.545,165.938,185.953,210.408,226.71,224.593,258.424,286.526,317.569,341.49,383.236,422.915,470.296,470.012,468.913,478.077,447.41,450.303,476.741,687.368,944.373,1225.331,1260.836
ISL.1.0.212.0.UWCD,ISL,1.0,0.0,212.0,0.0,UWCD,Iceland,01 Compensation of employees,Compensation of employees: total economy ,(Mrd PPS) ,0.09935,0.11173,0.12238,0.14243,0.17069,0.18723,0.2091,0.20974,0.19668,0.21273,0.24643,0.30539,0.33505,0.39293,0.48632,0.51951,0.58355,0.69915,0.81213,0.95946,1.10728,1.27205,1.40708,1.30876,1.42121,1.65247,1.8073,2.27572,2.39638,2.32141,2.38705,2.65636,2.67397,2.62679,2.70787,2.6381,2.80376,2.95429,3.26946,3.56854,3.67557,3.89076,4.00025,4.17601,4.5149,4.95072,5.30592,5.69679,5.4534,4.5556,4.41401,4.67683,4.87088,5.15263,5.38823,5.86132,6.42613,7.08073,7.56149,7.5953,6.9926,7.71707,9.11026,10.16711,10.23096,10.3169,10.42492
NOR.1.0.212.0.UWCD,NOR,1.0,0.0,212.0,0.0,UWCD,Norway,01 Compensation of employees,Compensation of employees: total economy ,(Mrd PPS) ,1.6312,1.7939,1.9994,2.1778,2.3572,2.5912,2.8603,3.2208,3.4391,3.7699,3.9848,4.6752,5.2905,5.9888,7.0272,8.6958,10.3471,11.6906,12.8866,13.9456,15.4109,17.1054,18.7271,19.9017,21.708,23.9764,28.0049,30.05,31.8403,32.2698,33.7168,36.1842,38.8976,39.1889,41.9742,40.8318,44.7565,47.4928,50.5258,54.3863,58.4066,61.1824,64.3345,65.2084,68.6204,74.0937,80.59,87.3164,94.9107,92.7406,95.1517,100.4209,106.8151,110.5582,111.4122,107.5622,104.4818,109.8852,115.9466,118.8849,115.7497,129.7576,147.2492,151.6162,161.9701,169.8366,176.5756
CHE.1.0.212.0.UWCD,CHE,1.0,0.0,212.0,0.0,UWCD,Switzerland,01 Compensation of employees,Compensation of employees: total economy ,(Mrd PPS) ,5.4551,6.155,6.8052,7.5511,8.3093,9.0724,9.5905,10.2729,10.9715,12.132,13.9742,15.9346,17.5254,20.1601,23.7979,25.7877,27.7361,30.5027,32.9675,37.284,43.5269,49.3506,53.4519,57.203,60.746,66.0411,70.165,73.7783,79.8566,87.5074,95.3963,101.8204,105.7875,105.143,106.3709,102.1382,105.5068,107.8821,110.1422,114.3685,119.2096,126.9501,133.7854,134.0458,136.4548,141.3989,150.3888,164.3777,173.902,175.8691,178.2392,191.0697,200.4292,206.8375,213.6224,226.4243,227.6603,230.9542,234.7803,241.0137,239.9607,261.0478,289.5958,306.7076,322.2534,335.0498,347.5963
AUS.1.0.212.0.UWCD,AUS,1.0,0.0,212.0,0.0,UWCD,Australia,01 Compensation of employees,Compensation of employees: total economy ,(Mrd PPS) ,6.9737,7.4457,8.0678,8.8944,10.1268,11.1695,12.1273,13.3221,14.4953,16.3395,19.1258,21.5432,23.4323,26.8816,33.8012,38.7958,43.1238,47.0368,49.5534,54.9133,64.4692,73.9866,80.634,83.0459,92.504,100.0505,104.5705,109.705,117.5161,131.3408,138.5379,145.0185,153.7549,159.3682,168.1529,165.7627,179.2051,185.2244,197.1094,209.2006,219.4056,227.53,233.068,251.1009,266.3434,281.2341,295.3251,313.9809,309.5641,321.0652,336.5443,352.1663,353.8118,381.1527,388.0726,395.9118,398.9252,405.9136,423.9546,426.465,444.8875,476.0514,532.8253,,,,
CAN.1.0.212.0.UWCD,CAN,1.0,0.0,212.0,0.0,UWCD,Canada,01 Compensation of employees,Compensation of employees: total economy ,(Mrd PPS) ,12.7429,13.7926,15.2042,16.5388,18.3562,20.655,23.1415,25.2734,27.2987,30.7573,34.0959,38.1693,42.9811,49.2554,57.8885,69.0956,80.1607,89.5557,97.3419,109.0013,124.5409,,,,,,,,,,,283.2875,293.9346,296.7286,305.8982,292.0141,303.065,318.0677,337.7158,355.9001,373.5728,389.8486,390.6701,416.1624,435.3372,468.0205,486.9601,510.6368,515.3507,510.1951,518.9951,530.723,547.8932,566.8224,581.662,591.5899,590.7499,606.2276,633.3444,627.3198,617.1461,678.3985,738.9867,790.0687,,,
JPN.1.0.212.0.UWCD,JPN,1.0,0.0,212.0,0.0,UWCD,Japan,01 Compensation of employees,Compensation of employees: total economy ,(Mrd PPS) ,20.642,23.393,27.812,32.12,37.086,42.881,49.009,55.039,62.441,73.762,89.215,107.43,125.83,152.689,182.06,224.234,257.142,289.894,319.01,367.484,421.113,488.577,550.935,602.314,662.115,718.363,757.419,802.411,885.793,980.786,1084.469,1196.422,1250.131,1277.752,1324.356,1278.951,1346.189,1385.342,1372.465,1387.995,1448.73,1474.073,1482.622,1500.628,1555.431,1646.881,1693.374,1748.674,1771.087,1662.885,1701.184,1743.849,1781.221,1804.132,1790.345,1810.299,1759.669,1777.572,1830.829,1806.638,1794.904,1844.416,1931.436,2018.06,2104.843,2172.654,2243.725
KOR.1.0.212.0.UWCD,KOR,1.0,0.0,212.0,0.0,UWCD,Korea,01 Compensation of employees,Compensation of employees: total economy ,(Mrd PPS) ,,,,,,,,,,,4.1733,4.9609,5.5341,6.9969,8.231,10.2095,13.0885,16.674,20.8015,25.7189,29.0117,34.0271,40.3228,48.9113,57.2098,64.1071,73.1003,85.6853,103.0466,122.0782,142.4262,170.5144,185.6074,199.6663,220.648,232.3764,263.7971,269.7907,247.5052,272.7093,300.3577,326.0239,343.773,372.1313,399.6093,433.0062,456.7488,490.1287,499.899,480.1071,506.2753,523.5822,544.1614,552.0186,577.3385,629.0766,635.9255,648.9338,688.5945,700.8569,720.5784,749.1877,788.9924,,,,
NZL.1.0.212.0.UWCD,NZL,1.0,0.0,212.0,0.0,UWCD,New Zealand,01 Compensation of employees,Compensation of employees: total economy ,(Mrd PPS) ,1.43234,1.63739,1.70375,1.86629,2.07502,2.33387,2.6872,2.65663,2.72498,3.15935,3.6011,4.0137,4.35961,5.22258,6.94567,7.91527,8.1336,8.61493,9.40827,10.64211,12.22338,14.0975,14.67879,14.59064,15.65536,17.00598,16.97702,17.55545,18.09796,18.71197,19.53709,20.00063,20.64062,21.42622,23.00879,22.49842,24.21535,25.23796,25.67053,26.689,27.68033,29.06913,30.18363,32.59236,34.89575,37.19193,39.95261,42.36077,44.30402,44.04252,44.90943,46.29183,46.93276,49.29658,51.92641,53.48326,55.7768,58.94815,60.22319,63.11331,64.84733,68.59606,73.6938,,,,
USA.1.0.212.0.UWCD,USA,1.0,0.0,212.0,0.0,UWCD,United States,01 Compensation of employees,Compensation of employees: total economy ,(Mrd PPS) ,165.04,173.89,191.31,207.71,229.22,253.66,284.43,305.57,332.62,367.73,399.39,434.1,486.24,558.96,635.99,703.6,810.48,914.2,1027.67,1165.79,1306.25,1458.13,1571.54,1687.08,1900.99,2080.07,2236.61,2389.8,2615.79,2832.11,3037.05,3180.23,3398.51,3471.65,3630.66,3521.16,3747.08,3944.12,4223.41,4521.12,4863.78,5004.96,4940.84,5224.31,5498.38,5797.53,5956.01,6228.95,6261.65,5866.75,6005.19,6135.99,6332.64,6383.44,6636.9,6981.41,6930.74,7167.59,7436.82,7451.69,7412.32,7925.89,8354.65,8892.19,9363.56,9737.84,10117.16
