SERIES,CNTRY,TRN,AGG,UNIT,REF,CODE,COUNTRY,SUB-CHAPTER,TITLE,UNIT.1,1963,1964,1965,1966,1967,1968,1969,1970,1971,1972,1973,1974,1975,1976,1977,1978,1979,1980,1981,1982,1983,1984,1985,1986,1987,1988,1989,1990,1991,1992,1993,1994,1995,1996,1997,1998,1999,2000,2001,2002,2003,2004,2005,2006,2007,2008,2009,2010,2011,2012,2013,2014,2015,2016,2017,2018,2019,2020,2021,2022,2023
,ALB,,,,,,Albania,,Gini coefficient,,,,,,,,,,,,,,,,,,,,,,,,,,,,,,,,,,,0.27010342,0.2779844833333333,0.2858655466666666,0.29374661,0.3016276733333333,0.3095087366666667,0.3173898,0.3135787133333333,0.3097676266666667,0.30595654,0.3039199266666667,0.3018833133333333,0.2998467,0.297286235,0.29472577,0.292165305,0.28960484,0.3177969,0.34598896,0.32753733,0.33736297,0.33055663,0.30148283,0.30115768,0.2941963,,,
,DZA,,,,,,Algeria,,Gini coefficient,,,,,,,,,,,,,,,,,,,,,,,,,,,0.37356994,0.3706743114285714,0.3677786828571428,0.3648830542857142,0.3619874257142857,0.3590917971428571,0.3561961685714285,0.35330054,0.34847908875,0.3436576375,0.33883618625,0.334014735,0.32919328375,0.3243718325,0.31955038125,0.31472893,0.30990747875,0.3050860274999999,0.3002645762499999,0.295443125,0.29062167375,0.2858002225,0.28097877125,0.27615732,,,,,,,,,,,,
,AGO,,,,,,Angola,,Gini coefficient,,,,,,,,,,,,,,,,,,,,,,,,,,,,,,,,,,,,,,,0.5194472,0.5079106925,0.4963741849999999,0.4848376775,0.47330117,0.4617646625,0.450228155,0.4386916475,0.42715514,0.43570362,0.4442521,0.45280058,0.46134906,0.46989754,0.47844602,0.4869945,0.49554298,0.50409146,0.51263994,,,,,
,,,,,,,Argentina (urban),,Gini coefficient,,,,,,,,,,,,,,,,,,,0.4083086,0.411586805,0.41486501,0.418143215,0.42142142,0.424699625,0.42797783,0.4526751,0.4563924649999999,0.46010983,0.463827195,0.46754456,0.45455167,0.4484342,0.458985,0.4887874,0.49491405,0.4908586,0.50713223,0.49766296,0.5103861,0.53294307,0.5376044,0.5099472,0.48483652,0.47810388,0.46444556,0.4628268,0.4498683,0.43759,0.43676597,0.42737958,0.41437393,0.41086507,0.4182253,0.420837885,0.42345047,0.41434836,0.41719007,0.43314177,0.42743757,0.4244559,0.40736493,
,ARM,,,,,,Armenia,,Gini coefficient,,,,,,,,,,,,,,,,,,,,,,,,,,,,,,,,,,,,,,0.36219725,0.357920425,0.3536436,0.34779674,0.33028087,0.37505633,0.35992354,0.29709986,0.31226057,0.2918814,0.2801588,0.29992583,0.29352945,0.29602262,0.30579662,0.3148329,0.32356772,0.32547948,0.3362184,0.344335,0.30031213,0.25131604,0.2794013,0.27945295,
,AUS,,,,,,Australia,,Gini coefficient,,,,,,,,,,,,,,,,,,,,0.31324756,0.316176745,0.31910593,0.322035115,0.3249643,0.326603045,0.32824179,0.329880535,0.33151928,0.3305637833333333,0.3296082866666667,0.32865279,0.3276972933333333,0.3267417966666666,0.3257863,0.3272586533333333,0.3287310066666666,0.3302033599999999,0.3316757133333333,0.3331480666666666,0.33462042,0.33479451,0.3349686,0.3305577,0.33648955,0.3424214,0.34835325,0.3542851,0.350426185,0.34656727,0.3459209475,0.345274625,0.3446283025,0.34398198,0.340417115,0.33685225,0.34008893,0.34332561,,,,,
,AUT,,,,,,Austria,,Gini coefficient,,,,,,,,,,,,,,,,,,,,,,,,,,,,,,,,,0.3082802,0.29914328,0.29317808,0.29065368,0.31340772,0.2967054,0.28964692,0.2913165366666666,0.2929861533333333,0.29465577,0.29788825,0.28715184,0.29587558,0.30579385,0.30437064,0.31494802,0.3025161,0.30801,0.30475533,0.30752888,0.3053535,0.30530685,0.3079501,0.2973688,0.30847305,0.3021043,0.29800606,0.30701602,,
,AZE,,,,,,Azerbaijan,,Gini coefficient,,,,,,,,,,,,,,,,,,,,,,,,,,,,,,,,,,0.3464838,0.3494947283333333,0.3525056566666666,0.355516585,0.3585275133333333,0.3615384416666666,0.36454937,0.25277665,0.2683288,0.26621592,0.26554906,,,,,,,,,,,,,,,,,,
,BGD,,,,,,Bangladesh,,Gini coefficient,,,,,,,,,,,,,,,,,,,,,,0.2587649,0.26396993,0.26917496,0.27560513,0.2820353,0.28846547,0.2842129966666666,0.2799605233333333,0.27570805,0.2891384975,0.302568945,0.3159993925,0.32942984,0.330356936,0.331284032,0.3322111279999999,0.333138224,0.33406532,0.33365484,0.33324436,0.3328338799999999,0.3324234,0.33201292,0.329870962,0.327729004,0.325587046,0.323445088,0.32130313,0.3217280616666667,0.3221529933333333,0.322577925,0.3230028566666666,0.3234277883333333,0.32385272,0.3254991933333333,0.3271456666666666,0.32879214,0.3304386133333333,0.3320850866666666,0.33373156,
,BLR,,,,,,Belarus,,Gini coefficient,,,,,,,,,,,,,,,,,,,,,,,,,,,,,,,,,,,,,0.3201835,0.31738147,0.31167483,0.30576724,0.30336243,0.28821012,0.26479885,0.2755341,0.28275442,0.2961238,0.27826044,0.27689305,0.285666,0.2715255,0.26526198,0.26575053,0.27176666,0.25633225,0.25306615,0.2544457,0.25240526,0.25277847,0.24383356,,,
,BEL,,,,,,Belgium,,Gini coefficient,,,,,,,,,,,,,,,,,,,,,,,,0.2520385,0.25373074,0.2554229799999999,0.25711522,0.2552021399999999,0.2532890599999999,0.25137598,0.2494629,0.2610111533333333,0.2725594066666666,0.28410766,0.2762145299999999,0.2683214,0.2893339833333333,0.3103465666666666,0.33135915,0.3147171566666666,0.2980751633333333,0.28143317,0.30541426,0.29336902,0.28054035,0.29237667,0.28373718,0.28551185,0.28374815,0.2806043,0.27490476,0.27668843,0.28134006,0.27729303,0.2758073,0.27387637,0.2721419,0.27219546,0.2595828,0.2657763,,
,BLZ,,,,,,Belize,,Gini coefficient,,,,,,,,,,,,,,,,,,,,,,,,,,,,,,,,0.6022769,0.60867983,0.5870800650000001,0.5654803,0.6035009,0.54866445,0.5323102,,,,,,,,,,,,,,,,,,,,,,,,
,BEN,,,,,,Benin,,Gini coefficient,,,,,,,,,,,,,,,,,,,,,,,,,,,,,,,,,,,,,,,,,,0.3857762,0.39185361875,0.3979310375,0.40400845625,0.410085875,0.41616329375,0.4222407125,0.42831813125,0.43439555,0.4448707625,0.455345975,0.4658211875,0.4762964,0.4440264133333333,0.4117564266666667,0.37948644,0.3676436533333333,0.3558008666666666,0.34395808,,
,BTN,,,,,,Bhutan,,Gini coefficient,,,,,,,,,,,,,,,,,,,,,,,,,,,,,,,,,,,,,,,,,,0.40898,0.401961925,0.39494385,0.387925775,0.3809077,0.382344812,0.383781924,0.385219036,0.386656148,0.38809326,0.385357428,0.382621596,0.379885764,0.377149932,0.3744141,0.35645112,0.33848814,0.32052516,0.30256218,0.2845992,
,BOL,,,,,,Bolivia,,Gini coefficient,,,,,,,,,,,,,,,,,,,,,,,,,,,,,,,,,,,,0.5814129,0.5808807,0.5803485,0.61563873,0.57366186,0.59274095,0.571371425,0.5500019,0.58518255,0.56660104,0.5453242,0.50814897,0.4922026,0.47650304,0.46080348,0.46579948,0.47588572,0.47829148,0.46731615,0.45240772,0.4461778,0.4257908,0.416443,0.4364544,0.40913323,,
,,,,,,,Bolivia (urban),,Gini coefficient,,,,,,,,,,,,,,,,,,,,,,,,,,,,,0.42035723,0.455538865,0.4907205,,,,,,,,,,,,,,,,,,,,,,,,,,,,,,,
,BIH,,,,,,Bosnia and Herzegovina,,Gini coefficient,,,,,,,,,,,,,,,,,,,,,,,,,,,,,,,,,,,,,,,,0.2996643,0.3132344999999999,0.3268047,0.3403749,0.3371218933333333,0.3338688866666666,0.33061588,0.3305373725,0.330458865,0.3303803575,0.33030185,,,,,,,,,,,,
,BWA,,,,,,Botswana,,Gini coefficient,,,,,,,,,,,,,,,,,,,,,,,,0.5421201,0.549539575,0.55695905,0.564378525,0.571798,0.579217475,0.5866369499999999,0.594056425,0.6014759,0.6065643777777777,0.6116528555555555,0.6167413333333333,0.621829811111111,0.6269182888888889,0.6320067666666667,0.6370952444444444,0.6421837222222222,0.6472722,0.6411737428571428,0.6350752857142857,0.6289768285714286,0.6228783714285714,0.6167799142857142,0.6106814571428572,0.604583,0.5926942166666667,0.5808054333333333,0.56891665,0.5570278666666666,0.5451390833333333,0.5332503,,,,,,,,
,BRA,,,,,,Brazil,,Gini coefficient,,,,,,,,,,,,,,,,,,,,0.5786262,0.5835481,0.58902174,0.58297414,0.5552505,0.5843224,0.59642065,0.61370975,0.6324467,0.6044999,0.5677582,0.5310165,0.600656,0.5979798249999999,0.59530365,0.5983732,0.59753734,0.5956541,0.5895037,0.5867646,0.5840255,0.58105445,0.57553095,0.564716,0.56309944,0.5564207,0.54918945,0.5403744,0.5368187,0.53311755,0.5294164,0.53435296,0.5268333,0.5202964,0.51926446,0.533671,0.53321064,0.5388832,0.5350931,0.48902002,0.52938724,0.5201522,
,BGR,,,,,,Bulgaria,,Gini coefficient,,,,,,,,,,,,,,,,,,,,,,,,,,,,,,,0.3071431,0.3106967,0.3142503,0.3178039,0.3213575,0.3249111,0.3284647,0.3320183,0.3355719,0.3391254999999999,0.3426790999999999,0.3462326999999999,0.3497863,0.3533399,0.3568935,0.36095893,0.33572584,0.3382308,0.3565347,0.34275046,0.36011046,0.36570963,0.37415925,0.38564444,0.40589708,0.40378964,0.41284075,0.40271127,0.40523154,0.3900545,,
,BFA,,,,,,Burkina Faso,,Gini coefficient,,,,,,,,,,,,,,,,,,,,,,,,,,,,,,,,,0.4802524,0.48488417,0.48951594,0.49414771,0.49877948,0.485526144,0.472272808,0.459019472,0.445766136,0.4325128,0.4266956666666666,0.4208785333333333,0.4150614,0.4092442666666667,0.4034271333333333,0.39761,0.388690452,0.379770904,0.370851356,0.361931808,0.35301226,0.372301025,0.39158979,0.410878555,0.43016732,0.4114158366666667,0.3926643533333333,0.37391287,,
,BDI,,,,,,Burundi,,Gini coefficient,,,,,,,,,,,,,,,,,,,,,,,,,,,,,,,0.3333381,0.34788101,0.36242392,0.37696683,0.39150974,0.40605265,0.42059556,0.409720945,0.3988463299999999,0.387971715,0.3770970999999999,0.366222485,0.35534787,0.344473255,0.33359864,0.3411188228571428,0.3486390057142857,0.3561591885714286,0.3636793714285714,0.3711995542857143,0.3787197371428571,0.38623992,0.3845714914285714,0.3829030628571429,0.3812346342857143,0.3795662057142857,0.3778977771428571,0.3762293485714286,0.37456092,,,
,CMR,,,,,,Cameroon,,Gini coefficient,,,,,,,,,,,,,,,,,,,,,,,,,,,,,,,,,,,0.44446665,0.439846908,0.435227166,0.430607424,0.425987682,0.42136794,0.4225067216666667,0.4236455033333333,0.424784285,0.4259230666666667,0.4270618483333334,0.42820063,0.43365893,0.43911723,0.44457553,0.45003383,0.45549213,0.46095043,0.46640873,0.4600304457142857,0.4536521614285714,0.4472738771428571,0.4408955928571428,0.4345173085714285,0.4281390242857143,0.42176074,,
,CAN,,,,,,Canada,,Gini coefficient,,,,,,,,,,0.3724673,0.36074276,0.34901822,0.34494515,0.34087208,0.339082555,0.33729303,0.335992215,0.3346914,0.33216111,0.32963082,0.329306,0.33224514,0.33518428,0.33174872,0.3167582,0.31653875,0.31197873,0.3101252,0.31365362,0.31943396,0.3156432,0.31675926,0.3130381,0.3150958,0.32768053,0.33116943,0.33217245,0.33060935,0.33418295,0.33554783,0.3356031,0.33809465,0.33776483,0.33621806,0.3409054,0.33841008,0.33930567,0.33952153,0.33592603,0.32657078,0.33539012,0.3379898,0.33157605,0.33746484,0.32701823,0.33308205,0.3250927,0.31749648,,,,
,CPV,,,,,,Cape Verde,,Gini coefficient,,,,,,,,,,,,,,,,,,,,,,,,,,,,,,,,,,,,,,,,0.5249597,0.5161120633333334,0.5072644266666667,0.49841679,0.4895691533333333,0.4807215166666667,0.47187388,0.46586600375,0.4598581275,0.45385025125,0.447842375,0.44183449875,0.4358266225,0.42981874625,0.42381087,,,,,,,,
,CAF,,,,,,Central African Republic,,Gini coefficient,,,,,,,,,,,,,,,,,,,,,,,,,,,,,,,0.5927244,0.5907903212500001,0.5888562425,0.5869221637500001,0.584988085,0.58305400625,0.5811199275,0.57918584875,0.5772517699999999,0.57531769125,0.5733836125,0.57144953375,0.569515455,0.5675813762499999,0.5656472975,0.5637132187499999,0.56177914,0.5516637392307692,0.5415483384615384,0.5314329376923077,0.5213175369230769,0.5112021361538461,0.5010867353846153,0.4909713346153845,0.4808559338461538,0.4707405330769231,0.4606251323076923,0.4505097315384615,0.4403943307692307,0.43027893,,
,TCD,,,,,,Chad,,Gini coefficient,,,,,,,,,,,,,,,,,,,,,,,,,,,,,,,,,,,,,,,,,,0.39809614,0.4024838175,0.4068714949999999,0.4112591725,0.41564685,0.4200345275,0.424422205,0.4288098824999999,0.43319756,0.4248824142857142,0.4165672685714285,0.4082521228571428,0.3999369771428571,0.3916218314285714,0.3833066857142857,0.37499154,0.374637405,0.37428327,0.373929135,0.373575,
,CHL,,,,,,Chile,,Gini coefficient,,,,,,,,,,,,,,,,,,,,,,,,,,0.56193036,0.56540484,0.56887932,0.5723538,0.5602091650000001,0.54806453,0.5561370649999999,0.5642096,0.556448975,0.54868835,0.5519274750000001,0.5551666,0.5413752000000001,0.5275838,0.5233065833333334,0.5190293666666667,0.51475215,0.50219082,0.48962949,0.47706816,0.47606076,0.47505336,0.47404596,0.47136365,0.46868134,0.46846025,0.46823916,0.460836205,0.45343325,0.453066375,0.4526995,0.4584822,0.4642649,0.4700476,0.4502375,0.4304274,
,CHN,,,,,,China,,Gini coefficient,,,,,,,,,,,,,,,,,,,,0.28164098,0.2781016533333333,0.2745623266666667,0.271023,0.27863519,0.28624738,0.29385957,0.3033284466666667,0.3127973233333333,0.3222662,0.3277701333333333,0.3332740666666667,0.338778,0.3432775333333333,0.3477770666666667,0.3522766,0.3638617833333333,0.3754469666666666,0.38703215,0.3979738433333333,0.4089155366666667,0.41985723,0.41624071,0.41262419,0.40900767,0.41588858,0.4227694899999999,0.4296504,0.43354997,0.43744954,0.42409223,0.42237166,0.397364,0.39177653,0.38595304,0.38480517,0.39075777,0.38497642,0.38168344,0.37090832,0.35743752,,
,,,,,,,China (rural),,Gini coefficient,,,,,,,,,,,,,,,,,,,,0.24729232,0.2538153133333333,0.2603383066666667,0.2668613,0.2760777433333333,0.2852941866666666,0.29451063,0.2979264633333333,0.3013422966666667,0.30475813,0.2966518533333333,0.2885455766666667,0.2804393,0.29902766,0.31761602,0.33620438,0.3421009766666666,0.3479975733333333,0.35389417,0.3626606033333333,0.3714270366666666,0.38019347,0.3729596533333333,0.3657258366666667,0.35849202,0.3703248333333333,0.3821576466666667,0.39399046,0.40003438,0.4060783,0.38497442,0.39497343,0.33971012,0.3375639,0.33242807,0.33179837,0.34255984,0.33541563,0.3267486,0.31574252,0.30404037,,
,,,,,,,China (urban),,Gini coefficient,,,,,,,,,,,,,,,,,,,,0.18508829,0.1825390133333333,0.1799897366666666,0.17744046,0.1853929266666666,0.1933453933333333,0.20129786,0.21951404,0.23773022,0.2559464,0.2655188,0.2750912,0.2846636,0.2867398233333333,0.2888160466666666,0.29089227,0.2990867266666667,0.3072811833333333,0.31547564,0.32163626,0.32779688,0.3339575,0.3384246333333333,0.3428917666666667,0.3473589,0.3487536133333333,0.3501483266666667,0.35154304,0.35449412,0.3574452,0.35559225,0.3535335,0.3668623,0.36429673,0.36156222,0.36124825,0.3694193,0.36906132,0.37052557,0.36667654,0.35652608,,
,COL,,,,,,Colombia,,Gini coefficient,,,,,,,,,,,,,,,,,,,,,,,,,,,,,,,0.51352334,0.52709363,0.5406639200000001,0.5542342100000001,0.5678045,0.5736596333333334,0.5795147666666667,0.5853699,0.5839443,0.57328486,0.56007546,0.5357371,0.5497496,0.53908044,0.54374406,0.5484076800000001,0.5530713,0.54283005,0.5461688,0.5348354,0.52637744,0.52625173,0.52543414,0.50983036,0.505629,0.4970708,0.50410813,0.5132595,0.53488696,0.5511767,0.5481926,
,,,,,,,Colombia (urban),,Gini coefficient,,,,,,,,,,,,,,,,,,,0.5509124,0.54843105625,0.5459497125,0.54346836875,0.540987025,0.53850568125,0.5360243375,0.53354299375,0.53106165,0.528438,0.5208134799999999,0.51318896,,,,,,,,,,,,,,,,,,,,,,,,,,,,,,,,
,COM,,,,,,Comoros,,Gini coefficient,,,,,,,,,,,,,,,,,,,,,,,,,,,,,,,,,,,,,,,,,,,0.5592444,0.548652878,0.5380613559999999,0.527469834,0.516878312,0.50628679,0.4956952679999999,0.485103746,0.474512224,0.463920702,0.45332918,,,,,,,,,
,COG,,,,,,Congo,,Gini coefficient,,,,,,,,,,,,,,,,,,,,,,,,,,,,,,,,,,,,,,,,,,,,0.4732929,0.4759726433333333,0.4786523866666666,0.4813321299999999,0.4840118733333333,0.4866916166666666,0.48937136,,,,,,,,,,,,
,CRI,,,,,,Costa Rica,,Gini coefficient,,,,,,,,,,,,,,,,,,,,0.47494763,0.448786318,0.422625006,0.396463694,0.370302382,0.34414107,0.3809848466666666,0.4178286233333333,0.4546724,0.45215893,0.46555334,0.4564088,0.45928076,0.4670296,0.45660135,0.46479103,0.45579028,0.45638052,0.4763139,0.47410414,0.515062,0.51812834,0.49300545,0.4841771,0.47510344,0.4928061,0.4931286,0.48640883,0.5055479,0.48043102,0.4875928,0.4841734,0.49151823,0.4863214,0.48374,0.48704153,0.4834524,0.47970015,0.4818988,0.4924514,0.48678052,0.47151324,0.46729344
,CIV,,,,,,Cote d'Ivoire,,Gini coefficient,,,,,,,,,,,,,,,,,,,,,,,,0.45521352,0.37969762,0.4050912,0.36886287,0.3751026525,0.381342435,0.3875822175,0.393822,0.39776074,0.40169948,0.40563822,0.4002835566666666,0.3949288933333333,0.38957423,0.393796683,0.398019136,0.402241589,0.406464042,0.410686495,0.414908948,0.419131401,0.423353854,0.427576307,0.43179876,0.4293544628571428,0.4269101657142857,0.4244658685714285,0.4220215714285714,0.4195772742857143,0.4171329771428571,0.41468868,0.40035537,0.38602206,0.37168875,0.3653770466666666,0.3590653433333333,0.35275364,,
,HRV,,,,,,Croatia,,Gini coefficient,,,,,,,,,,,,,,,,,,,,,,,,,,,0.22780727,0.2324610619047619,0.2371148538095238,0.2417686457142857,0.2464224376190476,0.2510762295238095,0.2557300214285714,0.2603838133333333,0.2650376052380953,0.2696913971428571,0.274345189047619,0.2789989809523809,0.2836527728571428,0.2883065647619047,0.2929603566666666,0.2976141485714286,0.3022679404761905,0.3069217323809524,0.3115755242857143,0.3162293161904762,0.3208831080952381,0.3255369,0.32373103,0.32254267,0.324717,0.3199227,0.32102978,0.31113166,0.30897906,0.30352312,0.29728642,0.28908294,0.29543322,0.28895962,,
,CYP,,,,,,Cyprus,,Gini coefficient,,,,,,,,,,,,,,,,,,,,,,,,,,,,,,,,,,,,,,,,,,,0.30089056,0.30259413,0.31125963,0.31113273,0.31708607,0.32108265,0.3145779,0.326255,0.34312433,0.37041834,0.35565287,0.33966377,0.32891682,0.31416234,0.32739753,0.3122325,0.31727943,0.3125177,,
,CZE,,,,,,Czechia,,Gini coefficient,,,,,,,,,,,,,,,,,,,,,,,,,,,,,,,0.20703283,0.2655349,0.2630199666666666,0.2605050333333333,0.2579901,0.25925024,0.26051038,0.26177052,0.26303066,0.2642908,0.26555094,0.27044137,0.2753318,0.26946017,0.26744118,0.25998646,0.26280212,0.26156676,0.26623514,0.26381272,0.26109937,0.26473904,0.25923222,0.25867426,0.25406334,0.2485221,0.24990341,0.25262198,0.26245132,0.26202103,,
,COD,,,,,,Democratic Republic of Congo,,Gini coefficient,,,,,,,,,,,,,,,,,,,,,,,,,,,,,,,,,,,,,,,,,,,0.41642156,0.4169633625,0.417505165,0.4180469675,0.41858877,0.4191305724999999,0.419672375,0.4202141775,0.42075598,0.42400462375,0.4272532675,0.43050191125,0.433750555,0.43699919875,0.4402478425,0.44349648625,0.44674513,,,
,DNK,,,,,,Denmark,,Gini coefficient,,,,,,,,,,,,,,,,,,,,,,,,,,0.26232305,0.25924046,0.25615787,0.25307528,0.24999269,0.2469101,0.2411263866666666,0.2353426733333333,0.22955896,0.231179808,0.232800656,0.234421504,0.2360423519999999,0.2376632,0.2438788999999999,0.2500946,0.2563103,0.24911784,0.2518638,0.25913078,0.26184258,0.2524627,0.26701188,0.2719856,0.27311745,0.2779075,0.28542534,0.2835288,0.28177238,0.28187442,0.28746662,0.2816572,0.27723306,0.27503932,0.28323486,,
,DJI,,,,,,Djibouti,,Gini coefficient,,,,,,,,,,,,,,,,,,,,,,,,,,,,,,,,,,,,,,,,,0.39997312,0.405080166,0.410187212,0.415294258,0.420401304,0.42550835,0.430615396,0.435722442,0.440829488,0.445936534,0.45104358,0.44117805,0.4348478525,0.428517655,0.4221874575,0.41585726,,,,,,
,DOM,,,,,,Dominican Republic,,Gini coefficient,,,,,,,,,,,,,,,,,,,,,,,,,0.47780794,0.48669906,0.49559018,0.5044813,0.5064970666666667,0.5085128333333333,0.5105286,0.5014433375,0.492358075,0.4832728125,0.47418755,0.48901546,0.49772244,0.50642942,0.5151364,0.49998924,0.49671522,0.5211965,0.52049935,0.499648,0.51961064,0.48855126,0.48107398,0.48875645,0.47325817,0.47706884,0.46133503,0.47656393,0.442794,0.4518094,0.45722562,0.42192984,0.436861,0.41917086,0.39628294,0.38529298,0.36979377,
,TLS,,,,,,East Timor,,Gini coefficient,,,,,,,,,,,,,,,,,,,,,,,,,,,,,,,,,,,,,,,,0.35935292,0.3458329616666666,0.3323130033333333,0.318793045,0.3052730866666666,0.2917531283333333,0.27823317,0.2794183271428571,0.2806034842857142,0.2817886414285714,0.2829737985714285,0.2841589557142857,0.2853441128571428,0.28652927,,,,,,,,,
,ECU,,,,,,Ecuador,,Gini coefficient,,,,,,,,,,,,,,,,,,,,,,,,,,,,,,,,,0.5333033,0.5437841,0.5542649000000001,0.5647457,0.5752265000000001,0.5857073,0.5629919,0.5537074666666667,0.5444230333333333,0.5351386,0.53889215,0.53049964,0.5224719,0.53354627,0.49787596,0.48498443,0.48799783,0.45871222,0.46109366,0.46862358,0.4499254,0.459508,0.4501621,0.44669914,0.45437902,0.45709932,0.47309554,0.45797464,0.45465034,0.44579506
,,,,,,,Ecuador (urban),,Gini coefficient,,,,,,,,,,,,,,,,,,,,,,,,,,0.5048004,0.50523423,0.5056680600000001,0.50610189,0.50653572,0.50696955,0.50740338,0.50783721,0.50827104,0.5041949266666667,0.5001188133333333,0.4960427,,,,,,,,,,,,,,,,,,,,,,,,,
,EGY,,,,,,Egypt,,Gini coefficient,,,,,,,,,,,,,,,,,,,,,,,,,,,,,0.3200394,0.3161971999999999,0.312355,0.3085128,0.3046706,0.3008284,0.3027084125,0.304588425,0.3064684374999999,0.30834845,0.310373852,0.312399254,0.3144246559999999,0.316450058,0.31847546,0.3166126875,0.314749915,0.3128871425,0.31102437,0.30646947,0.30191457,0.2924183,0.28292203,0.2946925466666666,0.3064630633333333,0.31823358,0.31678656,0.31533954,0.31713523,0.31893092,,,,
,SLV,,,,,,El Salvador,,Gini coefficient,,,,,,,,,,,,,,,,,,,,,,,,,,,,0.48715472,0.512545585,0.53793645,0.5280727525,0.518209055,0.5083453575,0.49848166,0.5095812,0.52668312,0.54378504,0.5208074,0.5146378,0.5134745,0.518517,0.5043636,0.47799078,0.48472306,0.4568936,0.45217508,0.46885607,0.4582485,0.43513292,0.4231799,0.41828847,0.43358666,0.41559452,0.4055182,0.39978546,0.38007155,0.38610572,0.38778764,0.388947545,0.39010745,0.38753173,
,EST,,,,,,Estonia,,Gini coefficient,,,,,,,,,,,,,,,,,,,,,,,,,,,,,,,,0.39427334,0.392041188,0.389809036,0.387576884,0.385344732,0.38311258,0.380880428,0.378648276,0.376416124,0.374183972,0.37195182,0.33559534,0.3344686,0.33667818,0.31178468,0.31915063,0.3144271,0.31999895,0.3248852,0.329136,0.35075676,0.3458795,0.3266799,0.3119477,0.30354318,0.3032016,0.30765438,0.30737108,0.31834,,
,SWZ,,,,,,Eswatini,,Gini coefficient,,,,,,,,,,,,,,,,,,,,,,,,,,,,,,,,,0.5863356,0.5771355333333333,0.5679354666666666,0.5587354,0.5495353333333334,0.5403352666666666,0.5311352,0.5292770111111111,0.5274188222222222,0.5255606333333334,0.5237024444444445,0.5218442555555556,0.5199860666666667,0.5181278777777778,0.5162696888888889,0.5144115,0.5188952771428572,0.5233790542857143,0.5278628314285715,0.5323466085714286,0.5368303857142858,0.5413141628571428,0.54579794,,,,,,,
,ETH,,,,,,Ethiopia,,Gini coefficient,,,,,,,,,,,,,,,,,,,,,,,,,,,,,,,,,,0.44562823,0.409160655,0.37269308,0.336225505,0.29975793,0.299420048,0.299082166,0.298744284,0.298406402,0.29806852,0.30367477,0.30928102,0.31488727,0.32049352,0.32609977,0.33170602,0.335351064,0.3389961079999999,0.342641152,0.346286196,0.34993124,,,,,,,,
,,,,,,,Ethiopia (rural),,Gini coefficient,,,,,,,,,,,,,,,,,,,,0.30980363,,,,,,,,,,,,,,,,,,,,,,,,,,,,,,,,,,,,,,,,,,
,FJI,,,,,,Fiji,,Gini coefficient,,,,,,,,,,,,,,,,,,,,,,,,,,,,,,,,,,,,,,,,,0.38102055,0.38480977,0.38859899,0.39238821,0.39617743,0.39996665,0.40375587,0.396397892,0.389039914,0.381681936,0.374323958,0.36696598,0.3569830966666666,0.3470002133333333,0.33701733,0.3270344466666666,0.3170515633333333,0.30706868,,,,
,FIN,,,,,,Finland,,Gini coefficient,,,,,,,,,,,,,,,,,,,,,,,,,,0.22171399,0.223484895,0.2252558,0.227026705,0.22879761,0.2302460475,0.231694485,0.2331429225,0.23459136,0.241986342,0.249381324,0.256776306,0.264171288,0.27156627,0.2733322666666666,0.2750982633333333,0.27686426,0.27897653,0.27619493,0.27998725,0.28285563,0.27838135,0.27455276,0.2771396,0.27642646,0.27096376,0.27193668,0.26776803,0.2710181,0.27078423,0.2738283,0.27329567,0.27737123,0.27091044,0.27708507,,
,FRA,,,,,,France,,Gini coefficient,,,,,,,,,0.37145555,0.369000984,0.366546418,0.364091852,0.361637286,0.35918272,0.354493585,0.34980445,0.345115315,0.34042618,0.339137188,0.337848196,0.336559204,0.335270212,0.33398122,0.331849455,0.32971769,0.327585925,0.32545416,0.323322395,0.32119063,0.3210198166666667,0.3208490033333333,0.32067819,0.3205073766666667,0.3203365633333334,0.32016575,0.3190015,0.31657764,0.32499772,0.32553056,0.3253329,0.31778157,0.31411052,0.30647254,0.29833862,0.29691088,0.32427707,0.32996443,0.3266122,0.33720416,0.3329475,0.3311486,0.32512552,0.32262158,0.32704228,0.31923512,0.3163205,0.32380664,0.31199563,0.3066147,0.31500953,,
,GAB,,,,,,Gabon,,Gini coefficient,,,,,,,,,,,,,,,,,,,,,,,,,,,,,,,,,,,,,,,,,,,,0.42184988,0.4183827,0.41491552,0.41144834,0.40798116,0.40451398,0.4010468,0.39757962,0.39411244,0.39064526,0.38717808,0.3837109,0.38024372,,,,,,
,GMB,,,,,,Gambia,,Gini coefficient,,,,,,,,,,,,,,,,,,,,,,,,,,,,,,,,,,,,,0.48250192,0.480618604,0.478735288,0.476851972,0.474968656,0.47308534,0.4677420014285714,0.4623986628571429,0.4570553242857142,0.4517119857142857,0.4463686471428571,0.4410253085714285,0.43568197,0.42038324,0.40508451,0.3897857799999999,0.37448705,0.35918832,0.364865066,0.370541812,0.376218558,0.381895304,0.38757205,,,
,GEO,,,,,,Georgia,,Gini coefficient,,,,,,,,,,,,,,,,,,,,,,,,,,,,,,,,,,,0.37132707,0.40682536,0.4123018,0.40128374,0.4045976,0.39557204,0.3724613,0.36650413,0.3616882,0.37375313,0.36865547,0.38108635,0.38532716,0.38234815,0.394587,0.3959351,0.38953948,0.38588807,0.37554133,0.36503676,0.3663965,0.37939596,0.36411363,0.35900706,0.3446499,0.3417846,0.3350009,
,DEU,,,,,,Germany,,Gini coefficient,,,,,,,,,,,,,,,,,,,,,,,,,,,,,,0.29492873,0.2907326,0.28612086,0.29159415,0.28811273,0.27993777,0.28246725,0.2827037,0.29047978,0.2888814,0.29949388,0.29810533,0.2980293,0.30192587,0.31704092,0.3104196,0.3117709,0.30800265,0.30479428,0.30218413,0.30610505,0.3105579,0.31453598,0.30847794,0.31653914,0.3141309,0.31314865,0.31872115,0.31780925,0.3243345,,,
,GHA,,,,,,Ghana,,Gini coefficient,,,,,,,,,,,,,,,,,,,,,,,,,,0.35349578,0.3599354,0.36807214,0.37620888,0.38434562,0.3866837171428571,0.3890218142857143,0.3913599114285714,0.3936980085714285,0.3960361057142857,0.3983742028571428,0.4007123,0.4045539057142857,0.4083955114285714,0.4122371171428571,0.4160787228571428,0.4199203285714286,0.4237619342857143,0.42760354,0.4270490428571428,0.4264945457142857,0.4259400485714286,0.4253855514285714,0.4248310542857142,0.4242765571428571,0.42372206,0.4265726525,0.429423245,0.4322738375,0.43512443,,,,,,,
,GRC,,,,,,Greece,,Gini coefficient,,,,,,,,,,,,,,,,,,,,,,,,,,,,,,,,,,0.3696663,0.36420691,0.35874752,0.35328813,0.34782874,0.34236935,0.33744389,0.33251843,0.32759297,0.33588123,0.34596738,0.35121885,0.33950907,0.33587772,0.33615103,0.3409893,0.3484217,0.362504,0.36127293,0.35804707,0.35996962,0.34956136,0.34350377,0.32890075,0.33101925,0.33558196,0.32939574,,
,GRD,,,,,,Grenada,,Gini coefficient,,,,,,,,,,,,,,,,,,,,,,,,,,,,,,,,,,,,,,,,,,,,,,,,,,,,,,,,,0.4381641,,,,,
,GTM,,,,,,Guatemala,,Gini coefficient,,,,,,,,,,,,,,,,,,,,,,,,,0.5413272,0.5568777333333333,0.5724282666666667,0.5879788,0.5775340444444444,0.5670892888888889,0.5566445333333334,0.5461997777777778,0.5357550222222223,0.5253102666666667,0.5148655111111111,0.5044207555555555,0.493976,0.517854065,0.54173213,0.5423908816666667,0.5430496333333333,0.543708385,0.5443671366666667,0.5450258883333334,0.54568464,0.5378193225000001,0.529954005,0.5220886875,0.5142233700000001,0.5063580525,0.498492735,0.4906274175,0.4827621,,,,,,,,,
,GIN,,,,,,Guinea,,Gini coefficient,,,,,,,,,,,,,,,,,,,,,,,,,,,,,,0.4446398,0.4500317066666666,0.4554236133333333,0.46081552,0.456964445,0.4531133699999999,0.449262295,0.44541122,0.441560145,0.43770907,0.433857995,0.43000692,0.42271623,0.41542554,0.40813485,0.40084416,0.39355347,0.382302186,0.371050902,0.359799618,0.348548334,0.33729705,0.3304007983333333,0.3235045466666666,0.316608295,0.3097120433333333,0.3028157916666666,0.29591954,,,,,
,GNB,,,,,,Guinea-Bissau,,Gini coefficient,,,,,,,,,,,,,,,,,,,,,,,,,,,,,,0.557557,0.496825835,0.43609467,0.4271606955555556,0.4182267211111111,0.4092927466666666,0.4003587722222222,0.3914247977777778,0.3824908233333333,0.3735568488888888,0.3646228744444444,0.3556889,0.3744828812499999,0.3932768625,0.41207084375,0.430864825,0.44965880625,0.4684527875,0.48724676875,0.50604075,0.48624219625,0.4664436425,0.44664508875,0.426846535,0.40704798125,0.3872494275,0.36745087375,0.34765232,0.34321844,0.33878456,0.33435068,,
,GUY,,,,,,Guyana,,Gini coefficient,,,,,,,,,,,,,,,,,,,,,,,,,,,,,,,0.3946759,0.40396224,0.41324858,0.42253492,0.43182126,0.4411076,0.45039394,,,,,,,,,,,,,,,,,,,,,,,,,
,HTI,,,,,,Haiti,,Gini coefficient,,,,,,,,,,,,,,,,,,,,,,,,,,,,,,,,,,,,,,,,0.5898769,0.5912048090909091,0.5925327181818182,0.5938606272727273,0.5951885363636363,0.5965164454545454,0.5978443545454546,0.5991722636363637,0.6005001727272727,0.6018280818181818,0.6031559909090909,0.6044839,,,,,,,,,,,
,HND,,,,,,Honduras,,Gini coefficient,,,,,,,,,,,,,,,,,,,,,,,,,,,,0.5536728,0.5592856,0.5182139,0.51805204,0.5344585,0.54992497,0.554708,0.5569839,0.5272781,0.5729382,0.55219996,0.55286073,0.5535215,0.5571017,0.580804,0.58094627,0.5947935,0.57526565,0.5581602,0.55489975,0.5128177,0.53085744,0.5255424,0.53365433,0.49958706,0.4987544,0.4924883,0.49810323,0.49441433,0.48936284,0.48162824,,,,
,,,,,,,Honduras (urban),,Gini coefficient,,,,,,,,,,,,,,,,,,,,,,,,,0.5509298,,,,,,,,,,,,,,,,,,,,,,,,,,,,,,,,,,,,,
,HUN,,,,,,Hungary,,Gini coefficient,,,,,,,,,,,,,,,,,,,,,,,,,,0.20883092,0.22965436,0.2504778,0.273358185,0.29623857,0.2878108,0.27938303,0.33285955,0.326727328,0.320595106,0.314462884,0.308330662,0.30219844,0.301487476,0.300776512,0.300065548,0.299354584,0.29864362,0.34721088,0.28296095,0.2788186,0.27514026,0.2695929,0.2944413,0.29157948,0.3080265,0.31504104,0.3091348,0.30407295,0.30324444,0.30582693,0.2961145,0.29950473,0.29711774,0.2917205,,
,ISL,,,,,,Iceland,,Gini coefficient,,,,,,,,,,,,,,,,,,,,,,,,,,,,,,,,,,,,,,,,,,0.26836038,0.27981848,0.29002446,0.30245006,0.29470885,0.3178928,0.2865624,0.26171294,0.26830265,0.26769423,0.25402915,0.27800417,0.26787972,0.27241105,0.2613158,,,,,,
,IND,,,,,,India,,Gini coefficient,,,,,,,,,,,,,,,,0.3321363,0.3301277283333333,0.3281191566666667,0.326110585,0.3241020133333333,0.3220934416666667,0.32008487,0.32120984,0.3223348099999999,0.32345978,0.32458475,0.3230791716666666,0.3215735933333333,0.320068015,0.3185624366666666,0.3170568583333333,0.31555128,0.3177819818181818,0.3200126836363636,0.3222433854545454,0.3244740872727272,0.326704789090909,0.3289354909090909,0.3311661927272727,0.3333968945454545,0.3356275963636363,0.3378582981818182,0.340089,0.341849232,0.343609464,0.345369696,0.347129928,0.34889016,0.35144038,0.3539906,0.352213675,0.3504367499999999,0.348659825,0.3468829,0.34746763,0.3590051,0.34550628,0.33812764,0.33778515,0.3277978,,
,,,,,,,India (rural),,Gini coefficient,,,,,,,,,,,,,,,,0.30961025,0.3081074416666666,0.3066046333333333,0.305101825,0.3035990166666666,0.3020962083333333,0.3005934,0.30073763,0.30088186,0.30102609,0.30117032,0.2986162566666667,0.2960621933333333,0.29350813,0.2909540666666667,0.2884000033333334,0.28584594,0.2875442518181818,0.2892425636363636,0.2909408754545455,0.2926391872727273,0.2943374990909091,0.2960358109090909,0.2977341227272727,0.2994324345454545,0.3011307463636364,0.3028290581818182,0.30452737,0.303522288,0.302517206,0.301512124,0.300507042,0.29950196,0.3053885699999999,0.31127518,0.311615895,0.3119566099999999,0.312297325,0.31263804,0.3101153,0.31273174,0.31053287,0.31054986,0.3124293,0.29604727,,
,,,,,,,India (urban),,Gini coefficient,,,,,,,,,,,,,,,,0.3574154,0.353390955,0.34936651,0.345342065,0.34131762,0.337293175,0.33326873,0.3388748075,0.344480885,0.3500869625,0.35569304,0.3537140916666667,0.3517351433333333,0.349756195,0.3477772466666667,0.3457982983333333,0.34381935,0.34677635,0.34973335,0.35269035,0.35564735,0.35860435,0.36156135,0.36451835,0.36747535,0.37043235,0.37338935,0.37634635,0.37977301,0.38319967,0.38662633,0.39005299,0.39347965,0.391811875,0.3901441,0.3873077175,0.3844713349999999,0.3816349525,0.37879857,0.38292566,0.39578882,0.36215815,0.3628346,0.36235926,0.35517648,,
,IDN,,,,,,Indonesia,,Gini coefficient,,,,,,,,,,,,,,,,,,,,,,,0.32302415,0.3167230766666666,0.3104220033333333,0.30412093,0.30631153,0.30850213,0.31069273,0.3129784966666666,0.3152642633333333,0.31755003,0.3257460866666666,0.3339421433333333,0.3421382,0.32533869,0.30853918,0.30788496,0.30306277,0.31165913,0.30163765,0.29323187,0.30416507,0.2990362,0.31524122,0.33231717,0.3263291,0.33432707,0.3458631,0.37925914,0.3714888,0.38926852,0.3877997,0.38207534,0.368857,0.3636789,0.36338645,0.35359862,0.35335615,0.35504764,0.3551203,0.3605703
,IRN,,,,,,Iran,,Gini coefficient,,,,,,,,,,,,,,,,,,,,,,,,,0.4741963,0.464659165,0.45512203,0.445584895,0.43604776,0.43453174,0.43301572,0.4314997,0.42998368,0.43272686,0.43547004,0.43821322,0.4409564,0.44018926,0.43942212,0.43865498,0.43788784,0.4371207,0.43635356,0.43558642,0.44752038,0.43851367,0.42950696,0.42050025,0.383560105,0.34661996,0.3442554,0.3396952,0.34814033,0.35264048,0.35912308,0.36693677,0.37419906,0.36482257,0.3584295,0.3546873,0.34803438,
,IRQ,,,,,,Iraq,,Gini coefficient,,,,,,,,,,,,,,,,,,,,,,,,,,,,,,,,,,,,,,,,,,,,,0.28600612,0.28757486,0.2891436,0.29071234,0.2922810799999999,0.29384982,0.29541856,,,,,,,,,,,
,IRL,,,,,,Ireland,,Gini coefficient,,,,,,,,,,,,,,,,,,,,,,,,,,0.35466203,0.3567306057142857,0.3587991814285714,0.3608677571428571,0.3629363328571429,0.3650049085714286,0.3670734842857143,0.36914206,0.3704509,0.35622135,0.349679025,0.3431366999999999,0.336594375,0.33005205,0.326477305,0.32290256,0.32887438,0.33609548,0.33753955,0.327276,0.31946594,0.3090567,0.32680362,0.32295024,0.32872406,0.33220077,0.3348598,0.31874627,0.31820488,0.32807183,0.31358823,0.30602926,0.308315,0.292282,0.30119276,,
,ISR,,,,,,Israel,,Gini coefficient,,,,,,,,,,,,,,,,,,0.36329976,0.3635291371428572,0.3637585142857143,0.3639878914285714,0.3642172685714285,0.3644466457142857,0.3646760228571428,0.3649054,0.3632665933333333,0.3616277866666667,0.35998898,0.3583501733333333,0.3567113666666666,0.35507256,0.360252262,0.365431964,0.370611666,0.375791368,0.38097107,0.38309746,0.38522385,0.38735024,0.38947663,0.39559424,0.4072257,0.414563,0.42267624,0.4155532,0.41098633,0.4164268,0.4263395,0.42559466,0.41444165,0.41302204,0.39870527,0.3975749,0.3971953,0.39013016,0.38202065,0.38577175,0.3828222,0.37773558,0.3789385,,
,ITA,,,,,,Italy,,Gini coefficient,,,,,,,,,,,,,,,,0.34006613,0.33277234,0.3326154,0.32899266,0.3157181,0.2923156,0.29767215,0.31334364,0.31248593,0.31162822,0.3417943,0.3314278499999999,0.3210614,0.31578034,0.31049928,0.330681325,0.35086337,0.351485785,0.3521082,0.3569131533333333,0.3617181066666666,0.36652306,0.35948539,0.35244772,0.349702195,0.34695667,0.349287,0.3429304,0.33830953,0.3369475,0.32888263,0.3376773,0.3383298,0.3471675,0.35052994,0.3515148,0.3490567,0.34652385,0.35390034,0.35239598,0.35922197,0.35217315,0.34583586,0.352409,0.3484458,,
,JAM,,,,,,Jamaica,,Gini coefficient,,,,,,,,,,,,,,,,,,,,,,,,,,,0.4315501,0.42134372,0.41113734,0.3930029666666667,0.3748685933333333,0.35673422,0.3724724866666666,0.3882107533333333,0.40394902,0.4162285466666666,0.4285080733333333,0.4407876,0.4549108666666667,0.4690341333333333,0.4831574,0.468866065,0.45457473,0.4475613064285714,0.4405478828571428,0.4335344592857142,0.4265210357142857,0.4195076121428571,0.4124941885714285,0.4054807649999999,0.3984673414285714,0.3914539178571428,0.3844404942857142,0.3774270707142857,0.3704136471428571,0.3634002235714286,0.3563868,0.3716254333333333,0.3868640666666667,0.4021027,,
,JPN,,,,,,Japan,,Gini coefficient,,,,,,,,,,,,,,,,,,,,,,,,,,,,,,,,,,,,,,,,,,,,,,,0.34842315,0.334713175,0.3210032,0.3235178999999999,0.3260326,0.3285473,,,,,,,,,,
,JOR,,,,,,Jordan,,Gini coefficient,,,,,,,,,,,,,,,,,,,,,,,,,0.3606143,0.3723445533333333,0.3840748066666666,0.39580506,0.4075353133333333,0.4192655666666666,0.43099582,0.41763771,0.4042796,0.39092149,0.37756338,0.36420527,0.365273452,0.366341634,0.367409816,0.368477998,0.36954618,0.3618002725,0.354054365,0.3463084575,0.33856255,0.332148525,0.3257345,0.3311459,0.3365573,,,,,,,,,,,,,
,KAZ,,,,,,Kazakhstan,,Gini coefficient,,,,,,,,,,,,,,,,,,,,,,,,,,,,,,,,0.32665735,0.3356992566666666,0.3447411633333333,0.35378307,0.354955396,0.356127722,0.357300048,0.358472374,0.3596447,0.34811127,0.33691478,0.3183876,0.39825976,0.30243865,0.30084056,0.28496444,0.28208867,0.27954513,0.27983844,0.2816882,0.2706543,0.2701586,0.26803666,0.27225325,0.27450275,0.27792874,0.27968282,0.2868392,0.29191533,,
,KEN,,,,,,Kenya,,Gini coefficient,,,,,,,,,,,,,,,,,,,,,,,,,,,,,,,0.56925327,0.50014341,0.43103355,0.4372978899999999,0.44356223,0.44982657,0.45164844125,0.4534703125,0.4552921837499999,0.457114055,0.45893592625,0.4607577975,0.46257966875,0.46440154,0.458735846,0.453070152,0.447404458,0.441738764,0.43607307,0.430407376,0.424741682,0.419075988,0.413410294,0.4077446,0.398688596,0.389632592,0.380576588,0.371520584,0.36246458,0.3870143,,
,KIR,,,,,,Kiribati,,Gini coefficient,,,,,,,,,,,,,,,,,,,,,,,,,,,,,,,,,,,,,,,,,,,,,0.36973003,0.3626990292307692,0.3556680284615384,0.3486370276923077,0.3416060269230769,0.3345750261538461,0.3275440253846153,0.3205130246153846,0.3134820238461538,0.306451023076923,0.2994200223076922,0.2923890215384615,0.2853580207692308,0.27832702,,,,
,OWID_KOS,,,,,,Kosovo,,Gini coefficient,,,,,,,,,,,,,,,,,,,,,,,,,,,,,,,,,,,,,,,,,,0.28953856,0.30096043,0.3123823,0.30321634,0.3080832766666666,0.3129502133333333,0.31781715,0.33254302,0.27831748,0.28972268,0.2630659,0.2727017,0.26454154,0.26721144,0.29012942,,,,,,
,KGZ,,,,,,Kyrgyzstan,,Gini coefficient,,,,,,,,,,,,,,,,,,,,,,,,,,,,,,,,,,,,,,,0.31035012,0.3016398,0.30302387,0.28708646,0.3477343,0.32561377,0.3738124,0.3391182,0.3145067,0.29874134,0.30133882,0.27839768,0.27356887,0.2881479,0.26819003,0.2899781,0.26780704,0.2733501,0.27690327,0.2970068,0.28989273,0.2879339,0.26352528,
,LAO,,,,,,Laos,,Gini coefficient,,,,,,,,,,,,,,,,,,,,,,,,,,,,,,,0.34309775,0.344266286,0.345434822,0.346603358,0.347771894,0.34894043,0.34439256,0.33984469,0.33529682,0.33074895,0.32620108,0.331682932,0.337164784,0.342646636,0.348128488,0.35361034,0.354815366,0.356020392,0.357225418,0.358430444,0.35963547,0.3643669466666667,0.3690984233333333,0.3738299,0.3785613766666666,0.3832928533333333,0.38802433,,,,,
,LVA,,,,,,Latvia,,Gini coefficient,,,,,,,,,,,,,,,,,,,,,,,,,,,,,,,,0.26993132,0.2898530849999999,0.30977485,0.31590763,0.32189752,0.32788741,0.3338773,0.33986719,0.34585708,0.35184697,0.35783686,0.36382675,0.38973203,0.35597068,0.37461132,0.37211615,0.35945752,0.35030317,0.3577261,0.35236055,0.3549739,0.3511365,0.342025,0.34328857,0.35571036,0.35095716,0.34489113,0.35703966,0.3425585,,
,LBN,,,,,,Lebanon,,Gini coefficient,,,,,,,,,,,,,,,,,,,,,,,,,,,,,,,,,,,,,,,,,,,,,,,,,,0.3183245,,,,,,,,,,,,
,LSO,,,,,,Lesotho,,Gini coefficient,,,,,,,,,,,,,,,,,,,,,,,,,0.56013536,0.56889357,0.57765178,0.5864099899999999,0.5951682,0.60392641,0.61268462,0.62144283,0.63020104,0.61543450375,0.6006679675,0.5859014312499999,0.5711348949999999,0.55636835875,0.5416018225,0.52683528625,0.51206875,0.5078493093333333,0.5036298686666666,0.4994104279999999,0.4951909873333333,0.4909715466666666,0.4867521059999999,0.4825326653333333,0.4783132246666666,0.474093784,0.4698743433333333,0.4656549026666666,0.461435462,0.4572160213333333,0.4529965806666667,0.44877714,,,,,,
,LBR,,,,,,Liberia,,Gini coefficient,,,,,,,,,,,,,,,,,,,,,,,,,,,,,,,,,,,,,,,,,,,,,,0.3643565,0.3597882614285714,0.3552200228571429,0.3506517842857143,0.3460835457142857,0.3415153071428571,0.3369470685714286,0.33237883,0.34251615,0.35265347,,,,,,,
,LTU,,,,,,Lithuania,,Gini coefficient,,,,,,,,,,,,,,,,,,,,,,,,,,,,,,,,0.33183792,0.3353173309090909,0.3387967418181818,0.3422761527272727,0.3457555636363636,0.3492349745454545,0.3527143854545455,0.3561937963636363,0.3596732072727273,0.3631526181818182,0.3666320290909091,0.37011144,0.35296747,0.34414476,0.34789148,0.35727036,0.372185,0.33608764,0.3248645,0.35092333,0.35307336,0.37675053,0.3737032,0.38385862,0.3728361,0.35705343,0.35251358,0.35956645,0.36656412,,
,LUX,,,,,,Luxembourg,,Gini coefficient,,,,,,,,,,,,,,,,,,,,,,,,0.26294357,0.28112763,0.2954707,0.28827298,0.30814338,0.2770192,0.2717853,0.27309504,0.27047905,0.28147867,0.28301048,0.29043368,0.2957325,0.30605367,0.30041057,0.30102962,0.30926323,0.3098299,0.30187473,0.30172697,0.30840808,0.3094812,0.31133747,0.32561544,0.31196916,0.3050438,0.3205409,0.3434715,0.32035962,0.31158078,0.32921496,0.31727898,0.34515306,0.35367873,0.34241158,0.3337364,0.3273477,,
,MDG,,,,,,Madagascar,,Gini coefficient,,,,,,,,,,,,,,,,,,,0.46848634,0.4672240576923077,0.4659617753846153,0.4646994930769231,0.4634372107692308,0.4621749284615384,0.4609126461538461,0.4596503638461539,0.4583880815384615,0.4571257992307692,0.4558635169230769,0.4546012346153846,0.4533389523076923,0.45207667,0.4376393525,0.423202035,0.4087647175,0.3943274,0.39008014,0.38583288,0.4300023899999999,0.4741719,0.4554495174999999,0.436727135,0.4180047525,0.39928237,0.404186256,0.409090142,0.413994028,0.418897914,0.4238018,0.42465719,0.42551258,,,,,,,,,,,
,MWI,,,,,,Malawi,,Gini coefficient,,,,,,,,,,,,,,,,,,,,,,,,,,,,,,,,,,,,0.6575494,0.6205733714285714,0.5835973428571428,0.5466213142857143,0.5096452857142857,0.4726692571428571,0.4356932285714285,0.3987172,0.4080488533333333,0.4173805066666666,0.42671216,0.4360438133333333,0.4453754666666666,0.45470712,0.453412645,0.45211817,0.4508236949999999,0.44952922,0.448234745,0.44694027,0.4264347233333333,0.4059291766666666,0.38542363,,,,
,MYS,,,,,,Malaysia,,Gini coefficient,,,,,,,,,,,,,,,,,,,,,,,0.48496294,0.4801147066666666,0.4752664733333333,0.47041824,0.46605153,0.46168482,0.4666356233333333,0.4715864266666666,0.47653723,0.4794336966666666,0.4823301633333333,0.48522663,0.48836155,0.49149647,0.4869407083333333,0.4823849466666667,0.477829185,0.4732734233333333,0.4687176616666667,0.4641619,0.4586157666666667,0.4530696333333333,0.4475235,0.45116031,0.45479712,0.4496767333333333,0.4445563466666666,0.43943596,0.426462115,0.41348827,0.4120761349999999,0.410664,0.4110319166666666,0.4113998333333333,0.41176775,0.41007326,0.40837877,0.40668428,,
,MDV,,,,,,Maldives,,Gini coefficient,,,,,,,,,,,,,,,,,,,,,,,,,,,,,,,,,,,,,,,,,0.41312027,0.4089213228571429,0.4047223757142857,0.4005234285714286,0.3963244814285714,0.3921255342857143,0.3879265871428571,0.38372764,0.3736031871428571,0.3634787342857142,0.3533542814285714,0.3432298285714286,0.3331053757142857,0.3229809228571428,0.31285647,0.3061879466666666,0.2995194233333333,0.2928509,,,,
,MLI,,,,,,Mali,,Gini coefficient,,,,,,,,,,,,,,,,,,,,,,,,,,,,,,,,,0.50157577,0.4868745028571428,0.4721732357142857,0.4574719685714286,0.4427707014285714,0.4280694342857142,0.4133681671428571,0.3986669,0.39679196,0.39491702,0.3930420799999999,0.3911671399999999,0.3892922,0.3696432,0.3499942,0.3303452,0.3335994666666667,0.3368537333333333,0.340108,0.3433622666666667,0.3466165333333333,0.3498708,0.3531250666666666,0.3563793333333333,0.3596336,0.3586010466666666,0.3575684933333333,0.35653594,,
,MLT,,,,,,Malta,,Gini coefficient,,,,,,,,,,,,,,,,,,,,,,,,,,,,,,,,,,,,,,,,,,,,,0.28019977,0.29207736,0.28995508,0.30244455,0.29025772,0.2914213,0.29360434,0.28843665,0.29020345,0.29433772,0.29089025,0.2923224,0.28665087,0.31041777,0.3140378,,,
,MHL,,,,,,Marshall Islands,,Gini coefficient,,,,,,,,,,,,,,,,,,,,,,,,,,,,,,,,,,,,,,,,,,,,,,,,,,,,,,,,,,0.35482943,,,,
,MRT,,,,,,Mauritania,,Gini coefficient,,,,,,,,,,,,,,,,,,,,,,,,,,0.4393751,0.4486857233333333,0.4579963466666666,0.46730697,0.4766175933333333,0.4859282166666667,0.49523884,0.43635623,0.37747362,0.380035846,0.382598072,0.385160298,0.387722524,0.39028475,0.393135445,0.39598614,0.398836835,0.40168753,0.3904790925,0.379270655,0.3680622175,0.35685378,0.3517437333333333,0.3466336866666666,0.34152364,0.3364135933333333,0.3313035466666666,0.3261935,0.324948284,0.323703068,0.322457852,0.321212636,0.31996742,,,,
,MUS,,,,,,Mauritius,,Gini coefficient,,,,,,,,,,,,,,,,,,,,,,,,,,,,,,,,,,,,,,,,,,,,,0.3565342,0.3612208333333333,0.3659074666666667,0.3705941,0.3752807333333333,0.3799673666666666,0.384654,0.381245612,0.377837224,0.374428836,0.371020448,0.36761206,,,,,,
,MEX,,,,,,Mexico,,Gini coefficient,,,,,,,,,,,,,,,,,,,,,,,0.4852701,0.48843462,0.49159914,0.4947636599999999,0.4979281799999999,0.5010927,0.5084309566666666,0.5157692133333334,0.52310747,0.528664985,0.5342225,0.526968725,0.51971495,0.5262739750000001,0.532833,0.5335048849999999,0.53417677,0.5200032,0.50582963,0.504630385,0.50343114,0.509391,0.49712282,0.50277969,0.50843656,0.49250829,0.47658002,0.48627628,0.49597254,0.492548255,0.48912397,0.479124185,0.4691244,0.4643367499999999,0.4595491,0.45274627,0.44594344,0.44024187,0.4345403,
,FSM,,,,,,Micronesia (country),,Gini coefficient,,,,,,,,,,,,,,,,,,,,,,,,,,,,,,,,,,,,,,,,,,,,0.423558,0.4206787375,0.417799475,0.4149202125,0.4120409499999999,0.4091616875,0.406282425,0.4034031624999999,0.4005239,,,,,,,,,,
,,,,,,,Micronesia (country) (urban),,Gini coefficient,,,,,,,,,,,,,,,,,,,,,,,,,,,,,,,,,,,,,,,0.63084173,,,,,,,,,,,,,,,,,,,,,,,
,MDA,,,,,,Moldova,,Gini coefficient,,,,,,,,,,,,,,,,,,,,,,,,,,,,,,,,,,,,0.3694212,0.39518264,0.42623976,0.36424187,0.37987787,0.3584591,0.34902084,0.35029566,0.36280838,0.35399717,0.34421042,0.34692442,0.32910907,0.3205092,0.30628577,0.2915884,0.2853416,0.26833853,0.27028158,0.26345387,0.25899243,0.25661647,0.26016647,0.2587414249999999,0.25731638,,
,MNG,,,,,,Mongolia,,Gini coefficient,,,,,,,,,,,,,,,,,,,,,,,,,,,,,,,,,,0.3319534,0.3222088066666667,0.3124642133333333,0.30271962,0.309272085,0.31582455,0.322377015,0.32892948,0.334787324,0.340645168,0.346503012,0.352360856,0.3582187,0.3490831766666666,0.3399476533333333,0.33081213,0.33883506,0.33751616,0.32894703,0.3203779,0.321917615,0.32345733,0.325433615,0.3274099,0.324098615,0.32078733,0.317476045,0.31416476,
,MNE,,,,,,Montenegro,,Gini coefficient,,,,,,,,,,,,,,,,,,,,,,,,,,,,,,,,,,,,,,,,,,,,,,,,,,,0.4120649,0.39021727,0.38769355,0.39005032,0.38467047,0.36881563,0.36809078,0.35665408,0.35412416,0.34297183,,
,MAR,,,,,,Morocco,,Gini coefficient,,,,,,,,,,,,,,,,,,,,,,,0.36468908,0.3692524066666666,0.3738157333333333,0.37837906,0.3829423866666666,0.3875057133333333,0.39206904,0.39225280125,0.3924365625,0.39262032375,0.3928040849999999,0.39298784625,0.3931716075,0.39335536875,0.39353913,0.399954305,0.40636948,0.40650507,0.40664066,0.40677625,0.40691184,0.40704743,0.40718302,0.4055118842857143,0.4038407485714286,0.4021696128571428,0.4004984771428571,0.3988273414285714,0.3971562057142857,0.39548507,,,,,,,,,,
,MOZ,,,,,,Mozambique,,Gini coefficient,,,,,,,,,,,,,,,,,,,,,,,,,,,,,,,,,,,0.53288776,0.5223309833333334,0.5117742066666667,0.5012174300000001,0.4906606533333333,0.4801038766666666,0.4695471,0.46710446,0.46466182,0.46221918,0.45977654,0.4573339,0.45489126,0.4690031766666667,0.4831150933333333,0.49722701,0.5113389266666667,0.5254508433333334,0.53956276,0.532198356,0.524833952,0.517469548,0.5101051440000001,0.50274074,,,,
,MMR,,,,,,Myanmar,,Gini coefficient,,,,,,,,,,,,,,,,,,,,,,,,,,,,,,,,,,,,,,,,,,,,,,,,,,,,,,0.3806851,0.3438269,0.3069687,,,,,,
,NAM,,,,,,Namibia,,Gini coefficient,,,,,,,,,,,,,,,,,,,,,,,,,,,,,,,,0.7105055,0.70277212,0.69503874,0.68730536,0.67957198,0.6718386000000001,0.66410522,0.65637184,0.64863846,0.64090508,0.6331717,0.629251,0.6253303,0.6214096,0.6174889,0.6135682,0.6096475,0.6064839333333334,0.6033203666666667,0.6001567999999999,0.5969932333333333,0.5938296666666667,0.5906661,,,,,,,,
,NRU,,,,,,Nauru,,Gini coefficient,,,,,,,,,,,,,,,,,,,,,,,,,,,,,,,,,,,,,,,,,,,,,,,,,,,0.3236158,,,,,,,,,,,
,NPL,,,,,,Nepal,,Gini coefficient,,,,,,,,,,,,,,,,,,,,,,,0.3005754,0.3052567436363636,0.3099380872727272,0.3146194309090909,0.3193007745454545,0.3239821181818182,0.3286634618181818,0.3333448054545455,0.3380261490909091,0.3427074927272727,0.3473888363636364,0.35207018,0.36277153875,0.3734728975,0.38417425625,0.394875615,0.40557697375,0.4162783325,0.42697969125,0.43768105,0.4220703085714286,0.4064595671428571,0.3908488257142857,0.3752380842857143,0.3596273428571429,0.3440166014285714,0.32840586,0.3260555916666666,0.3237053233333333,0.321355055,0.3190047866666666,0.3166545183333333,0.31430425,0.3119539816666666,0.3096037133333333,0.307253445,0.3049031766666666,0.3025529083333333,0.30020264,
,NLD,,,,,,Netherlands,,Gini coefficient,,,,,,,,,,,,,,,,,,,,,,0.28364104,0.2796546675,0.275668295,0.2716819225,0.26769555,0.2820858766666667,0.2964762033333333,0.31086653,0.3086824866666666,0.3064984433333333,0.3043144,0.30036766,0.29642092,0.29247418,0.28852744,0.2845807,0.28063396,0.284107182,0.287580404,0.291053626,0.294526848,0.29800007,0.2904823,0.30043328,0.2959278,0.29298013,0.27881998,0.2784524,0.27750087,0.2762093,0.2810648,0.2863142,0.2824158,0.2817357,0.28535804,0.28121036,0.29248324,0.2599421,0.2574387,,
,NIC,,,,,,Nicaragua,,Gini coefficient,,,,,,,,,,,,,,,,,,,,,,,,,,,,,,,,0.5712674,0.5657688399999999,0.56027028,0.55477172,0.54927316,0.5437746,0.5387662666666667,0.5337579333333333,0.5287496,0.5186124400000001,0.5084752800000001,0.49833812,0.48820096,0.476004815,0.46380867,0.451612525,0.43941638,0.44384569,0.448275,0.45270431,0.4571336199999999,0.46156293,,,,,,,,,
,NER,,,,,,Niger,,Gini coefficient,,,,,,,,,,,,,,,,,,,,,,,,,,,,,,,0.3604249,0.3872972999999999,0.4141697,0.4168533854545454,0.4195370709090908,0.4222207563636364,0.4249044418181818,0.4275881272727272,0.4302718127272727,0.4329554981818181,0.4356391836363636,0.4383228690909091,0.4410065545454545,0.44369024,0.40836437,0.3730385,0.35840816,0.34377782,0.32914748,0.31451714,0.3239333433333333,0.3333495466666666,0.34276575,0.3502228725,0.357679995,0.3651371175,0.37259424,0.3579380433333333,0.3432818466666666,0.32862565,,
,NGA,,,,,,Nigeria,,Gini coefficient,,,,,,,,,,,,,,,,,,,,,,,,0.3867785,0.3956466071428571,0.4045147142857143,0.4133828214285714,0.4222509285714286,0.4311190357142857,0.4399871428571428,0.44885525,0.4663408475,0.4838264449999999,0.5013120424999999,0.51879764,0.5019104857142856,0.4850233314285714,0.4681361771428571,0.4512490228571428,0.4343618685714285,0.4174747142857142,0.40058756,0.3942896371428571,0.3879917142857143,0.3816937914285714,0.3753958685714286,0.3690979457142857,0.3628000228571428,0.3565021,0.35581609,0.35513008,0.35635264,0.3575752,0.35879776,0.3562909866666667,0.3537842133333333,0.35127744,,,,,
,MKD,,,,,,North Macedonia,,Gini coefficient,,,,,,,,,,,,,,,,,,,,,,,,,,,,,,,,,,,,,,,,,,,,,,,,0.42760608,0.40062812,0.39360264,0.38132146,0.36238977,0.35201505,0.35590458,0.3453449,0.34198847,0.32960445,0.33505824,,,,
,NOR,,,,,,Norway,,Gini coefficient,,,,,,,,,,,,,,,,,,0.2689476,0.2657129171428571,0.2624782342857143,0.2592435514285714,0.2560088685714285,0.2527741857142857,0.2495395028571428,0.24630482,0.247496244,0.248687668,0.249879092,0.251070516,0.25226194,0.254245335,0.25622873,0.258212125,0.26019552,0.262873986,0.265552452,0.268230918,0.270909384,0.27358785,0.2744815,0.27537515,0.2762688,0.3157802,0.30596998,0.2635382,0.27090636,0.26996335,0.2615822,0.2572369,0.25300157,0.25725982,0.26361105,0.26752558,0.27496743,0.28493318,0.2698671,0.27560204,0.2774182,,,,
,PAK,,,,,,Pakistan,,Gini coefficient,,,,,,,,,,,,,,,,,,,,,,,,,,0.3331653,0.33293699,0.33270868,0.33248037,0.324841955,0.31720354,0.309565125,0.30192671,0.294288295,0.28664988,0.3089414099999999,0.33123294,0.3163320266666666,0.3014311133333333,0.2865302,0.2939738266666666,0.3014174533333333,0.30886108,0.31261253,0.304653775,0.29669502,0.2937328899999999,0.29077076,0.28780863,0.29697958,0.296132655,0.29528573,0.3040992,0.31291267,0.3072393333333333,0.3015659966666666,0.29589266,,,,,
,PSE,,,,,,Palestine,,Gini coefficient,,,,,,,,,,,,,,,,,,,,,,,,,,,,,,,,,,,,,,,,,,,0.3404466,0.34742624,0.3395928,0.35606077,0.35035026,0.34463975,0.3529443,0.34415236,0.3427019679999999,0.341251576,0.339801184,0.338350792,0.3369004,,,,,,,
,PAN,,,,,,Panama,,Gini coefficient,,,,,,,,,,,,,,,,,,0.48740143,0.497284053,0.507166676,0.5170492990000001,0.526931922,0.536814545,0.546697168,0.556579791,0.5664624140000001,0.5763450370000001,0.58622766,0.58326003,0.5802924,0.5793860500000001,0.5784797,0.57757335,0.576667,0.579049135,0.58143127,0.5736364,0.5635335,0.5659207,0.5670764,0.560917,0.5565018,0.54772496,0.5380034,0.54636407,0.52685326,0.5269304,0.51770425,0.516088,0.51347023,0.51739,0.51456016,0.5046555,0.50805664,0.50406915,0.49885073,0.49211547,0.49837545,0.503479875,0.5085843,0.498671315,0.48875833
,PNG,,,,,,Papua New Guinea,,Gini coefficient,,,,,,,,,,,,,,,,,,,,,,,,,,,,,,,,,,,0.45765835,0.4546465092307692,0.4516346684615384,0.4486228276923076,0.4456109869230769,0.4425991461538461,0.4395873053846154,0.4365754646153846,0.4335636238461538,0.430551783076923,0.4275399423076923,0.4245281015384615,0.4215162607692307,0.41850442,,,,,,,,,,,,,,
,PRY,,,,,,Paraguay,,Gini coefficient,,,,,,,,,,,,,,,,,,,,,,,,,,,,,0.4083735,0.44298008,0.47758666,0.51219324,0.5467998199999999,0.5814064,0.56514492,0.54888344,0.5472986200000001,0.5457138,0.545990775,0.54626775,0.57274485,0.54937583,0.52260363,0.5138116,0.5299425,0.5304046,0.50704694,0.49145123,0.5098244,0.52309674,0.47633564,0.479354,0.50702643,0.47605744,0.47899717,0.4854749,0.459551,0.45650637,0.43481943,0.4290515,0.45108196,
,PER,,,,,,Peru,,Gini coefficient,,,,,,,,,,,,,,,,,,,,,,,,,,,,,,,,,,,,0.5325665,0.55117506,0.5482133,0.49072054,0.5130185,0.535637,0.5307964,0.4987963,0.5044914,0.50332135,0.5002141,0.47486418,0.47006038,0.45537677,0.44659775,0.4444003,0.4388273,0.43138838,0.43356073,0.4363899,0.43292674,0.4236557,0.4152813,0.4373994,0.4012181,0.40349188,
,PHL,,,,,,Philippines,,Gini coefficient,,,,,,,,,,,,,,,,,,,,,,,,0.41037434,0.4094037933333333,0.4084332466666667,0.4074627,0.4177203,0.4279779,0.4382355,0.4351182933333333,0.4320010866666666,0.42888388,0.43912995,0.44937602,0.45962209,0.4490796366666666,0.4385371833333333,0.42799473,0.4236453533333333,0.4192959766666667,0.4149466,0.4194938666666666,0.4240411333333333,0.4285884,0.4249267233333333,0.4212650466666666,0.41760337,0.4191500133333333,0.4206966566666666,0.4222433,0.4160005266666666,0.4097577533333333,0.40351498,0.3950490033333333,0.3865830266666666,0.37811705,0.3763062533333333,0.3744954566666666,0.37268466,,
,POL,,,,,,Poland,,Gini coefficient,,,,,,,,,,,,,,,,,,,,,,,,0.25083962,0.27984542,0.2552513,0.261596715,0.26794213,0.27628996,0.28463779,0.29298562,0.3108008466666667,0.3286160733333333,0.3464313,0.340546365,0.33466143,0.328776495,0.32289156,0.334356808,0.345822056,0.357287304,0.368752552,0.3802178,0.35808384,0.34667546,0.34001285,0.33485633,0.33355722,0.3321481,0.33180645,0.3302016,0.33137318,0.32824445,0.3175091,0.31189167,0.2968527,0.302149,0.28760177,0.284626,0.28479505,,
,PRT,,,,,,Portugal,,Gini coefficient,,,,,,,,,,,,,,,,,,,,,,,,,,,,,,,,,,,,,,,,,,0.38775018,0.38938782,0.38480073,0.3806078,0.36750183,0.3663415,0.34907416,0.35844672,0.36344677,0.36034793,0.36187103,0.35562173,0.355233,0.3519052,0.3380384,0.33492562,0.32762748,0.3466863,0.3459202,,
,QAT,,,,,,Qatar,,Gini coefficient,,,,,,,,,,,,,,,,,,,,,,,,,,,,,,,,,,,,,,,,,,,,,,,,,,,,,,,,0.35128385,,,,,,
,ROU,,,,,,Romania,,Gini coefficient,,,,,,,,,,,,,,,,,,,,,,,,,,,,0.23307304,0.24025445,0.24743586,0.25461727,0.268311545,0.28200582,0.31158027,0.308312265,0.30504426,0.3151957533333333,0.3253472466666666,0.33549874,0.3456502333333333,0.3558017266666666,0.3659532199999999,0.3761047133333333,0.3862562066666666,0.3964077,0.37547696,0.36428705,0.35564327,0.3547109,0.3586662,0.3654543,0.3691507,0.36009043,0.35913625,0.34406662,0.36012593,0.35758388,0.34800515,0.3457019,0.3385264,,
,RUS,,,,,,Russia,,Gini coefficient,,,,,,,,,,,,,,,,,,,,,,,,,,,,,,,,0.45385477,0.4562319466666666,0.4586091233333333,0.4609863,0.38409194,0.38137,0.37443382,0.37092733,0.36924976,0.37283763,0.39971545,0.4031583,0.41265598,0.4095094,0.42272472,0.41568583,0.398456,0.39548978,0.39749315,0.40714827,0.40884423,0.3988122,0.37710539,0.368485,0.37239072,0.37473005,0.37736863,0.36068243,,,
,RWA,,,,,,Rwanda,,Gini coefficient,,,,,,,,,,,,,,,,,,,,,,,,,,,,,,,,,,,,,,,0.4851838,0.492186768,0.499189736,0.506192704,0.513195672,0.52019864,0.510602592,0.501006544,0.491410496,0.481814448,0.4722184,0.4651839166666666,0.4581494333333333,0.45111495,0.44644148,0.44176801,0.43709454,,,,,,,
,,,,,,,Rwanda (rural),,Gini coefficient,,,,,,,,,,,,,,,,,,,,,,,0.28898594,,,,,,,,,,,,,,,,,,,,,,,,,,,,,,,,,,,,,,,
,LCA,,,,,,Saint Lucia,,Gini coefficient,,,,,,,,,,,,,,,,,,,,,,,,,,,,,,,,,,0.4258438,0.4301631,0.4344824,0.4388016999999999,0.443121,0.4474403,0.4517596,0.4560788999999999,0.4603982,0.4647175,0.4690368,0.4733560999999999,0.4776754,0.4819947,0.4863139999999999,0.4906332999999999,0.4949525999999999,0.4992719,0.5035912,0.5079104999999999,0.5122298,,,,,,,,
,WSM,,,,,,Samoa,,Gini coefficient,,,,,,,,,,,,,,,,,,,,,,,,,,,,,,,,,,,,,,,,,0.4073552,0.40954025,0.4117252999999999,0.41391035,0.4160954,0.4182804499999999,0.4204655,0.413859308,0.4072531159999999,0.400646924,0.394040732,0.38743454,,,,,,,,,,
,STP,,,,,,Sao Tome and Principe,,Gini coefficient,,,,,,,,,,,,,,,,,,,,,,,,,,,,,,,,,,,,,,,0.32125893,0.319954307,0.318649684,0.317345061,0.316040438,0.314735815,0.313431192,0.312126569,0.310821946,0.309517323,0.3082127,0.3223672857142857,0.3365218714285714,0.3506764571428571,0.3648310428571428,0.3789856285714286,0.3931402142857143,0.4072948,,,,,,
,SEN,,,,,,Senegal,,Gini coefficient,,,,,,,,,,,,,,,,,,,,,,,,,,,,,,0.5404016,0.4910850566666667,0.4417685133333333,0.39245197,0.3952865971428571,0.3981212242857143,0.4009558514285714,0.4037904785714286,0.4066251057142857,0.4094597328571429,0.41229436,0.407252545,0.40221073,0.397168915,0.3921271,0.393896105,0.39566511,0.397434115,0.39920312,0.400972125,0.40274113,0.3999420885714286,0.3971430471428571,0.3943440057142857,0.3915449642857143,0.3887459228571429,0.3859468814285714,0.38314784,0.3759576266666666,0.3687674133333333,0.3615772,,
,SRB,,,,,,Serbia,,Gini coefficient,,,,,,,,,,,,,,,,,,,,,,,,,,,,,,,,,,,,,,,,,,,,,,,,,,,0.39887607,0.3944599,0.40437588,0.40461844,0.38775226,0.36105734,0.35003355,0.34475464,0.34950927,0.3312897,,
,SYC,,,,,,Seychelles,,Gini coefficient,,,,,,,,,,,,,,,,,,,,,,,,,,,,,,,,,,,,,,0.42776692,0.4277539557142857,0.4277409914285714,0.4277280271428571,0.4277150628571429,0.4277020985714286,0.4276891342857143,0.42767617,0.4334682342857143,0.4392602985714285,0.4450523628571428,0.4508444271428571,0.4566364914285714,0.4624285557142857,0.46822062,0.438827136,0.409433652,0.380040168,0.350646684,0.3212532,,,,,
,SLE,,,,,,Sierra Leone,,Gini coefficient,,,,,,,,,,,,,,,,,,,,,,,,,,,,,,,,,,,,,,,,,,0.40167344,0.39400195625,0.3863304724999999,0.37865898875,0.370987505,0.36331602125,0.3556445375,0.34797305375,0.34030157,0.3426730257142857,0.3450444814285714,0.3474159371428571,0.3497873928571429,0.3521588485714286,0.3545303042857143,0.35690176,,,,,
,SVK,,,,,,Slovakia,,Gini coefficient,,,,,,,,,,,,,,,,,,,,,,,,,,,,,,,0.20186578,0.2170880499999999,0.23231032,0.24753259,0.26275486,0.2637564775,0.2647580949999999,0.2657597124999999,0.26676133,0.2677629475,0.268764565,0.2697661825,0.2707678,0.29296494,0.25797036,0.24664712,0.26024988,0.2723098,0.2731572,0.2653828,0.26115808,0.28086153,0.26103425,0.26491234,0.2515492,0.23237365,0.24970019,0.23232324,0.24219424,0.2411022,,
,SVN,,,,,,Slovenia,,Gini coefficient,,,,,,,,,,,,,,,,,,,,,,,,,,0.2359837,0.2451827166666666,0.2543817333333333,0.26358075,0.2727797666666666,0.2819787833333333,0.2911778,0.2786870999999999,0.2661964,0.2537057,0.241215,0.24082193,0.24042886,0.2419245539999999,0.243420248,0.244915942,0.246411636,0.24790733,0.24634741,0.24363928,0.24354753,0.23718019,0.24787736,0.24933259,0.24868034,0.25585502,0.26241106,0.25657535,0.25408465,0.24757937,0.24219307,0.24633364,0.24384232,0.24031529,0.2428228,,
,SLB,,,,,,Solomon Islands,,Gini coefficient,,,,,,,,,,,,,,,,,,,,,,,,,,,,,,,,,,,,,,,,,,,,0.46088147,0.4479768685714286,0.4350722671428571,0.4221676657142857,0.4092630642857143,0.3963584628571428,0.3834538614285714,0.37054926,,,,,,,,,,,
,ZAF,,,,,,South Africa,,Gini coefficient,,,,,,,,,,,,,,,,,,,,,,,,,,,,,,,,0.5933394,0.5911047142857142,0.5888700285714286,0.5866353428571428,0.5844006571428572,0.5821659714285714,0.5799312857142858,0.5776966,0.59168146,0.60566632,0.6196511800000001,0.6336360400000001,0.6476209,0.6417772666666667,0.6359336333333334,0.63009,0.63195845,0.6338269,0.632934675,0.6320424499999999,0.631150225,0.630258,,,,,,,,,
,KOR,,,,,,South Korea,,Gini coefficient,,,,,,,,,,,,,,,,,,,,,,,,,,,,,,,,,,,,,,,,,,,,,0.31702983,0.32013908,0.32324833,0.321730285,0.32021224,0.31789638,0.31558052,0.313754785,0.31192905,0.3320755549999999,0.35222206,0.34854642,0.33725032,0.33196163,0.32708606,0.32906574,,
,SSD,,,,,,South Sudan,,Gini coefficient,,,,,,,,,,,,,,,,,,,,,,,,,,,,,,,,,,,,,,,,,,,,,,,,0.46318194,0.4599527857142857,0.4567236314285714,0.4534944771428571,0.4502653228571429,0.4470361685714286,0.4438070142857143,0.44057786,,,,,,,
,ESP,,,,,,Spain,,Gini coefficient,,,,,,,,,,,,,,,,,,,0.34483546,0.3447317179999999,0.344627976,0.344524234,0.344420492,0.34431675,0.33949983,0.33468291,0.32986599,0.32504907,0.32023215,0.3323497333333333,0.3444673166666666,0.3565849,0.35103723,0.35726634,0.36464584,0.35324422,0.34580052,0.3379193,0.34128913,0.3335292133333333,0.3257692966666666,0.31800938,0.33301964,0.32431775,0.33541158,0.3413741,0.342204,0.34924084,0.35244486,0.35693976,0.35403663,0.36181897,0.3605231,0.3617834,0.35757092,0.3465126,0.3471633,0.34303716,0.34863645,0.3388591,,
,LKA,,,,,,Sri Lanka,,Gini coefficient,,,,,,,,,,,,,,,,,,,,,,,,0.32467854,0.324637698,0.324596856,0.324556014,0.3245151719999999,0.32447433,0.33037854,0.33628275,0.34218696,0.34809117,0.35399538,0.3608130485714286,0.3676307171428571,0.3744483857142857,0.3812660542857143,0.3880837228571429,0.3949013914285714,0.40171906,0.400461845,0.39920463,0.3979474149999999,0.3966902,0.38464064,0.37259108,0.36054152,0.36940637,0.37827122,0.38713607,0.3887164875,0.390296905,0.3918773225,0.39345774,0.38785108,0.38224442,0.37663776,,,,
,SDN,,,,,,Sudan,,Gini coefficient,,,,,,,,,,,,,,,,,,,,,,,,,,,,,,,,,,,,,,,,,,,,,,,,0.35395128,0.351646484,0.349341688,0.347036892,0.344732096,0.3424273,,,,,,,,,
,SUR,,,,,,Suriname,,Gini coefficient,,,,,,,,,,,,,,,,,,,,,,,,,,,,,,,,,,,,,,,,,,,,,,,,,,,,,,,,,,,,,0.39179897,
,,,,,,,Suriname (urban),,Gini coefficient,,,,,,,,,,,,,,,,,,,,,,,,,,,,,,,,,,,,,,0.5754272,,,,,,,,,,,,,,,,,,,,,,,,
,SWE,,,,,,Sweden,,Gini coefficient,,,,,,,,,,,,,,0.24283695,0.2405700816666666,0.2383032133333333,0.2360363449999999,0.2337694766666666,0.2315026083333333,0.22923574,0.2294591633333333,0.2296825866666666,0.22990601,0.2301294333333333,0.2303528566666666,0.23057628,0.23427849,0.2379807,0.24168291,0.2453851199999999,0.24908733,0.2501799033333333,0.2512724766666666,0.25236505,0.25581216,0.25925927,0.26270638,0.26615349,0.2696006,0.2654536,0.26216906,0.25268546,0.2614015,0.26821113,0.26351255,0.27114177,0.2811921,0.27339876,0.27736187,0.27605262,0.27643898,0.28822792,0.28388658,0.29209688,0.29561213,0.28774142,0.29971606,0.2930465,0.28870627,0.29765385,,
,CHE,,,,,,Switzerland,,Gini coefficient,,,,,,,,,,,,,,,,,,,,,0.3600527,0.357902287,0.355751874,0.353601461,0.351451048,0.3493006349999999,0.347150222,0.344999809,0.342849396,0.340698983,0.33854857,0.33801881875,0.3374890674999999,0.33695931625,0.336429565,0.33589981375,0.3353700625,0.3348403112499999,0.33431056,0.32558894,0.31686732,0.316256225,0.31564513,0.3274166,0.33918807,0.34255534,0.337947,0.32855856,0.3255303,0.3171362,0.31567127,0.3246219,0.3252566,0.32306957,0.33042452,0.32676333,0.3314104,0.3399834,0.33737928,,,
,SYR,,,,,,Syria,,Gini coefficient,,,,,,,,,,,,,,,,,,,,,,,,,,,,,,,,,,,0.3516938,0.3550441185714286,0.3583944371428571,0.3617447557142857,0.3650950742857143,0.3684453928571429,0.3717957114285714,0.37514603,0.38392152,0.39269701,0.4014725,0.40229759,0.40312268,0.40394777,0.3933579461538461,0.3827681223076923,0.3721782984615384,0.3615884746153845,0.3509986507692307,0.3404088269230769,0.329819003076923,0.3192291792307692,0.3086393553846154,0.2980495315384615,0.2874597076923076,0.2768698838461538,0.26628006,
,TWN,,,,,,Taiwan,,Gini coefficient,,,,,,,,,,,,,,,,,,,,0.29969484,0.299171784,0.298648728,0.298125672,0.297602616,0.29707956,0.297599254,0.298118948,0.298638642,0.2991583359999999,0.29967803,0.3030681974999999,0.306458365,0.3098485325,0.3132387,0.310729885,0.30822107,0.3091856333333333,0.3101501966666666,0.31111476,0.313250978,0.315387196,0.317523414,0.3196596319999999,0.32179585,0.3215207599999999,0.32124567,0.3248748666666666,0.3285040633333333,0.33213326,0.32971346,0.32729366,0.32487386,0.3214113566666667,0.3179488533333333,0.31448635,0.31754693,0.31633675,0.3119192,0.31231022,0.31566375,,
,TJK,,,,,,Tajikistan,,Gini coefficient,,,,,,,,,,,,,,,,,,,,,,,,,,,,,,,,,,,,,,0.2953486,0.30331075,0.3112729,0.31923505,0.3271972,0.3360195,0.33128638,0.32655326,0.32182014,0.3147848399999999,0.30774954,0.3131172666666666,0.3184849933333333,0.32385272,0.3292204466666666,0.3345881733333333,0.3399559,,,,,,,,
,TZA,,,,,,Tanzania,,Gini coefficient,,,,,,,,,,,,,,,,,,,,,,,,,,,,,,0.35275686,0.3549690833333333,0.3571813066666666,0.35939353,0.3616057533333333,0.3638179766666666,0.3660302,0.3682424233333333,0.3704546466666666,0.37266687,0.3769673528571428,0.3812678357142857,0.3855683185714285,0.3898688014285714,0.3941692842857143,0.3984697671428571,0.40277025,0.3965355625,0.390300875,0.3840661875,0.3778315,0.3817001857142857,0.3855688714285714,0.3894375571428571,0.3933062428571428,0.3971749285714285,0.4010436142857143,0.4049123,,,,,
,THA,,,,,,Thailand,,Gini coefficient,,,,,,,,,,,,,,,,,,,,0.4521682,0.4501993042857143,0.4482304085714286,0.4462615128571429,0.4442926171428571,0.4423237214285714,0.4403548257142857,0.43838593,0.445521205,0.45265648,0.46561803,0.47857958,0.456640855,0.43470213,0.431875675,0.42904922,0.421803575,0.41455793,0.43091586,0.42833668,0.423890815,0.41944495,0.422424035,0.42540312,0.421796725,0.41819033,0.39761516,0.40288273,0.39601263,0.3940277,0.37459034,0.39256668,0.37847108,0.37032664,0.35987332,0.3689063,0.36382803,0.36412174,0.34855723,0.34985816,0.34923872,,
,TGO,,,,,,Togo,,Gini coefficient,,,,,,,,,,,,,,,,,,,,,,,,,,,,,,,,,,,,,,,,,,,,,0.42211255,0.42971442,0.43731629,0.4449181599999999,0.4525200299999999,0.4601219,0.4526491549999999,0.4451764099999999,0.437703665,0.43023092,0.4286014066666667,0.4269718933333333,0.42534238,0.40975494,0.3941675,0.37858006,,
,TON,,,,,,Tonga,,Gini coefficient,,,,,,,,,,,,,,,,,,,,,,,,,,,,,,,,,,,,,,,0.37690175,0.3766865444444444,0.3764713388888889,0.3762561333333333,0.3760409277777777,0.3758257222222222,0.3756105166666666,0.3753953111111111,0.3751801055555555,0.3749649,0.36833959,0.36171428,0.35508897,0.34846366,0.34183835,0.33521304,0.3245038083333333,0.3137945766666666,0.303085345,0.2923761133333333,0.2816668816666666,0.27095765,,
,TTO,,,,,,Trinidad and Tobago,,Gini coefficient,,,,,,,,,,,,,,,,,,,,,,,,,,,0.4260131,0.419973455,0.4139338099999999,0.407894165,0.40185452,,,,,,,,,,,,,,,,,,,,,,,,,,,,,,,
,TUN,,,,,,Tunisia,,Gini coefficient,,,,,,,,,,,,,,,,,,,,,,,,0.4343376,0.427674554,0.421011508,0.414348462,0.407685416,0.40102237,0.404132488,0.407242606,0.410352724,0.413462842,0.41657296,0.41487732,0.41318168,0.41148604,0.4097904,0.40809476,0.401942572,0.395790384,0.389638196,0.383486008,0.37733382,0.373483568,0.369633316,0.365783064,0.361932812,0.35808256,0.352097814,0.346113068,0.340128322,0.334143576,0.32815883,0.3296597333333333,0.3311606366666667,0.33266154,0.3341624433333333,0.3356633466666666,0.33716425,,
,TUR,,,,,,Turkey,,Gini coefficient,,,,,,,,,,,,,,,,,,,,,,,,,,0.4103413,0.4107428285714286,0.4111443571428572,0.4115458857142857,0.4119474142857143,0.4123489428571428,0.4127504714285714,0.413152,0.41325347,0.41335494,0.41345641,0.41355788,0.41365935,0.41376082,0.41386229,0.41396376,0.42184338,0.4128751,0.42614657,0.39647412,0.384428,0.3902054,0.3896531,0.3878508,0.40039355,0.40168938,0.401785,0.41236562,0.42854458,0.41873705,0.4353174,0.42441463,0.4383382,0.43045047,0.44364843,,
,TKM,,,,,,Turkmenistan,,Gini coefficient,,,,,,,,,,,,,,,,,,,,,,,,,,,,,,,,,,,,,0.40806928,,,,,,,,,,,,,,,,,,,,,,,,,
,TUV,,,,,,Tuvalu,,Gini coefficient,,,,,,,,,,,,,,,,,,,,,,,,,,,,,,,,,,,,,,,,,,,,,,,,,0.39139032,,,,,,,,,,,,,
,UGA,,,,,,Uganda,,Gini coefficient,,,,,,,,,,,,,,,,,,,,,,,,,,,,0.44362718,0.4338298066666666,0.4240324333333333,0.41423506,0.4082834899999999,0.4023319199999999,0.39638035,0.39042878,0.40361144,0.4167941,0.42997676,0.4372173066666667,0.4444578533333333,0.4516984,0.4442800666666666,0.4368617333333333,0.4294434,0.4325586349999999,0.43567387,0.438789105,0.44190434,0.4313014766666667,0.4206986133333333,0.41009575,0.41445557,0.41881539,0.4231752099999999,0.42753503,0.4273654933333333,0.4271959566666666,0.42702642,,,,
,UKR,,,,,,Ukraine,,Gini coefficient,,,,,,,,,,,,,,,,,,,,,,,,,,,,,,,0.2970884,0.28926983,0.34079,0.39231017,0.35153562,0.3413558416666666,0.3311760633333333,0.320996285,0.3108165066666666,0.3006367283333333,0.29045695,0.28664893,0.28934017,0.29020715,0.29794392,0.27012688,0.2663823,0.25316665,0.24818976,0.24551843,0.24740657,0.24554986,0.24025366,0.2545754,0.25002202,0.26049048,0.26071486,0.26619467,0.25627363,,,
,ARE,,,,,,United Arab Emirates,,Gini coefficient,,,,,,,,,,,,,,,,,,,,,,,,,,,,,,,,,,,,,,,,,,,,,,,,,,,,0.3251042,0.312881368,0.300658536,0.2884357039999999,0.276212872,0.26399004,,,,,
,GBR,,,,,,United Kingdom,,Gini coefficient,,,,,,,0.2684166,0.27904898,0.27964503,0.2929356,0.28776282,0.2881038,0.28957152,0.27880856,0.27589646,0.27141878,0.2723537,0.2743262,0.28477892,0.2968705,0.29903,0.29786685,0.29166204,0.30419374,0.31919184,0.3385342,0.34272873,0.33354205,0.3574197,0.34962818,0.34955472,0.3507596,0.35978922,0.3551664,0.3529524,0.35735163,0.36621472,0.3678378,0.38848642,0.37086216,0.35146394,0.34856063,0.34834158,0.35485032,0.35879987,0.34413147,0.35445124,0.35137364,0.337056,0.33191085,0.33090645,0.32699567,0.3314094,0.33311963,0.33109283,0.3260817,0.33689743,0.32824126,0.32644516,0.32414576,,
,USA,,,,,,United States,,Gini coefficient,,0.3759994,0.3813833,0.37497944,0.37782517,0.36886352,0.36326116,0.36014515,0.36631274,0.3691743,0.36661345,0.36112794,0.35476592,0.35648412,0.35560542,0.35504344,0.34790027,0.34758896,0.34716922,0.35487545,0.3666043,0.37292022,0.37344342,0.37640676,0.3755635,0.37196118,0.37705094,0.38237965,0.38262504,0.38044858,0.38372815,0.4036311,0.39985397,0.39853615,0.40308332,0.40524158,0.39951783,0.39984423,0.40138903,0.40594307,0.40352058,0.40770072,0.40250537,0.40962887,0.413959,0.40795898,0.40809166,0.40608335,0.40007547,0.40934193,0.4093412,0.40649238,0.41508022,0.41235605,0.41118968,0.41177237,0.4140517,0.41533518,0.39682114,0.39696464,0.41334125,
,URY,,,,,,Uruguay,,Gini coefficient,,,,,,,,,,,,,,,,,,,,,,,,,,,,,,,,,,,,,,,,,,,,,0.4594136,0.46404734,0.4508151,0.45541507,0.44474792,0.42175132,0.39900422,0.40450785,0.40110928,0.40128586,0.3969534,0.39464375,0.39687112,0.3967629,0.40155584,0.40776816,0.40551677,
,,,,,,,Uruguay (urban),,Gini coefficient,,,,,,,,,,,,,,,,,,,,0.43645427,0.4348587574999999,0.4332632449999999,0.4316677324999999,0.43007222,0.4284767075,0.426881195,0.4252856825,0.42369017,0.42068687,0.41768357,0.41468027,0.4128745466666667,0.4110688233333333,0.4092631,0.40751207,0.41456702,0.4248223,0.42694652,0.42907074,0.45007667,0.45544198,0.4503368,0.45880932,0.44727546,,,,,,,,,,,,,,,,,,
,UZB,,,,,,Uzbekistan,,Gini coefficient,,,,,,,,,,,,,,,,,,,,,,,,,,,,,,,,,,,,,0.44268507,0.401400715,0.36011636,0.345240695,0.33036503,0.3526095,0.350464172631579,0.3483188452631579,0.3461735178947369,0.3440281905263158,0.3418828631578947,0.3397375357894737,0.3375922084210526,0.3354468810526316,0.3333015536842105,0.3311562263157894,0.3290108989473684,0.3268655715789473,0.3247202442105263,0.3225749168421052,0.3204295894736842,0.3182842621052631,0.316138934736842,0.313993607368421,0.31184828,
,VUT,,,,,,Vanuatu,,Gini coefficient,,,,,,,,,,,,,,,,,,,,,,,,,,,,,,,,,,,,,,,,,,,,,,,,,0.37351298,0.3679199555555555,0.3623269311111111,0.3567339066666666,0.3511408822222222,0.3455478577777777,0.3399548333333333,0.3343618088888889,0.3287687844444444,0.32317576,,,,
,VEN,,,,,,Venezuela,,Gini coefficient,,,,,,,,,,,,,,,,,,,,0.5560985,0.5524953666666668,0.5488922333333334,0.5452891,0.5416859666666667,0.5380828333333334,0.5344797,0.48612144,0.43776318,0.4320482766666667,0.4263333733333333,0.42061847,0.4376365133333333,0.4546545566666666,0.4716726,0.4744472933333333,0.4772219866666666,0.47999668,0.47699356,0.47435338,0.4717132,0.48879746,0.47908917,0.4731904,0.49318564,0.44699317,,,,,,,,,,,,,,,,,
,VNM,,,,,,Vietnam,,Gini coefficient,,,,,,,,,,,,,,,,,,,,,,,,,,,,,,,0.35654002,0.356116428,0.355692836,0.355269244,0.354845652,0.35442206,0.357596896,0.360771732,0.3639465679999999,0.367121404,0.37029624,0.36907728,0.36785832,0.362872245,0.35788617,0.356794645,0.35570312,0.3741151849999999,0.39252725,0.37449306,0.35645887,0.352006315,0.34755376,0.35011058,0.3526674,0.354911435,0.35715547,0.36252856,0.36790165,0.364415855,0.36093006,
,YEM,,,,,,Yemen,,Gini coefficient,,,,,,,,,,,,,,,,,,,,,,,,,,,,,,,,,,,,,0.34997785,0.3495986371428571,0.3492194242857143,0.3488402114285714,0.3484609985714286,0.3480817857142857,0.3477025728571429,0.34732336,0.3495175355555556,0.3517117111111111,0.3539058866666666,0.3561000622222222,0.3582942377777778,0.3604884133333333,0.3626825888888889,0.3648767644444444,0.36707094,,,,,,,,,
,ZMB,,,,,,Zambia,,Gini coefficient,,,,,,,,,,,,,,,,,,,,,,,,,,,,,,0.5940293,0.5597652,0.5255011,0.5114286533333334,0.4973562066666667,0.48328376,0.48725248,0.4912212,0.473562475,0.45590375,0.438245025,0.4205863,0.4816127799999999,0.54263926,0.5441663,0.54569334,0.53929779,0.5329022400000001,0.52650669,0.52011114,0.527764072,0.535417004,0.543069936,0.550722868,0.5583758,0.5521551485714286,0.5459344971428571,0.5397138457142857,0.5334931942857143,0.5272725428571429,0.5210518914285714,0.51483124,
,ZWE,,,,,,Zimbabwe,,Gini coefficient,,,,,,,,,,,,,,,,,,,,,,,,,,,,,,,,,,,,,,,,,,,,,,,,,,0.43153575,0.4335082616666666,0.4354807733333333,0.437453285,0.4394257966666666,0.4413983083333333,0.44337082,0.47296766,0.5025645,,,,
